state_abbr,year,total_export_value_usd,vessel_export_value_usd,container_export_value_usd,china_export_value_usd,canada_export_value_usd,mexico_export_value_usd,total_import_value_usd,vessel_import_value_usd,container_import_value_usd,china_import_value_usd,canada_import_value_usd,mexico_import_value_usd,china_trade_value_usd,canada_trade_value_usd,mexico_trade_value_usd,total_trade_value_usd,total_vessel_trade_value_usd,total_container_trade_value_usd,import_intensity,export_intensity,maritime_share,container_share,china_trade_share,canada_trade_share,mexico_trade_share,trade_war_partner_exposure,state_fips
AK,2018,4833794580,4549270993,1604056566,1017725463,654165278,32817946,1901779467,1138438047,110364874,318896347,513373256,23103373,1336621810,1167538534,55921319,6735574047,5687709040,1714421440,0.2823485353630765,0.7176514646369234,0.8444282551586356,0.25453234246063955,0.19844215217191866,0.17333912831379494,0.008302383525114263,0.3074270592752642,02
AK,2019,4988675643,4469429930,1507438253,855332402,581876706,23168502,2287159022,1177637164,133803699,124659000,716076462,58797382,979991402,1297953168,81965884,7275834665,5647067094,1641241952,0.3143500542971725,0.6856499457028274,0.7761401068065639,0.22557438803483312,0.13469126871645318,0.17839233954060718,0.011265495681793369,0.2484859698498935,02
AK,2020,4611480333,3995663606,1248157610,1193831875,499618909,22932647,2367315272,866660316,136279739,115249439,443015498,43678369,1309081314,942634407,66611016,6978795605,4862323922,1384437349,0.3392154471903322,0.6607845528096677,0.6967282318049778,0.19837768969879438,0.18757983298179715,0.13507121577319786,0.009544772446448515,0.27434942591358497,02
AK,2021,5988929055,4894485861,1585113169,1381173596,743979108,26389152,3798511393,1583050425,90739217,119258609,676498859,31586326,1500432205,1420477967,57975478,9787440448,6477536286,1675852386,0.388100588011874,0.6118994119881259,0.6618212719060419,0.17122478495820115,0.1533017966210567,0.14513273153966066,0.005923456526557657,0.24393550946078768,02
AK,2022,5582808243,4545006254,1621999176,1084096988,824429667,35222826,3701457944,2285689848,138166084,106107780,1018042800,51935388,1190204768,1842472467,87158214,9284266187,6830696102,1760165260,0.3986807217120562,0.6013192782879438,0.7357281625083592,0.18958582450647696,0.12819589012501026,0.1984510600934583,0.009387733208472688,0.25289916610616886,02
AK,2023,5263860648,3952917585,1404725251,1169280917,596364515,46877436,3236630379,2041083032,102979519,68199187,750120888,99189890,1237480104,1346485403,146067326,8500491027,5994000617,1507704770,0.3807580490020556,0.6192419509979444,0.705135808974015,0.17736678566109848,0.1455774848852152,0.1584008969273864,0.017183398645566266,0.2509280622289868,02
AK,2024,5912480927,4467403556,1521448293,1513509192,617559297,31465220,3630652209,2000583743,147533483,91640901,1018994044,45530038,1605150093,1636553341,76995258,9543133136,6467987299,1668981776,0.380446563750004,0.6195534362499959,0.6777634983002085,0.1748882418609485,0.1681994864920011,0.17149015084221705,0.008068132017308577,0.2759344562077165,02
AK,2025,6702047490,5110390906,1979342952,802765811,633196946,75643368,3140877176,2020629780,92234153,58094476,1278049137,22001392,860860287,1911246083,97644760,9842924666,7131020686,2071577105,0.319099991372422,0.6809000086275779,0.7244818921181408,0.21046357411997285,0.08745980653226305,0.19417461251145574,0.009920299434708688,0.20991675369996168,02
AL,2018,21416285400,12523959383,4268116158,3010369052,4106986122,2602054829,26210853961,18155578120,13349579251,2803986889,3115330008,4133457290,5814355941,7222316130,6735512119,47627139361,30679537503,17617695409,0.5503344167351576,0.44966558326484246,0.644160827515966,0.36990874626046594,0.12208072999994513,0.15164287057547007,0.14142172318909935,0.2979194862586868,01
AL,2019,20795690461,12376754670,4126060242,2317350211,3919648539,2232563444,28308682587,18932857863,14811025043,3164787836,2969850052,4953169139,5482138047,6889498591,7185732583,49104373048,31309612533,18937085285,0.5765002347006445,0.42349976529935557,0.6376135278704108,0.385649670478204,0.1116425627029421,0.1403031576080902,0.14633589916677842,0.28362599676786326,01
AL,2020,17391820422,11162933167,3629638202,3088813204,2960867376,1848465088,25482593828,17443349281,14935778989,3174054153,2567990110,4152888813,6262867357,5528857486,6001353901,42874414250,28606282448,18565417191,0.5943543316862924,0.40564566831370763,0.6672110382942433,0.43301856167049557,0.14607470367947942,0.1289547060342638,0.1399751811419791,0.30743263598522513,01
AL,2021,20926846807,13376377092,4154293914,3152071617,3502288964,2469478460,31526716108,20322537247,16767716990,3956121685,3266380467,5530185285,7108193302,6768669431,7999663745,52453562915,33698914339,20922010904,0.6010405081364719,0.3989594918635281,0.6424523419621361,0.39886729787838665,0.1355140224415011,0.12904117575327534,0.1525094445531432,0.3044443946253522,01
AL,2022,25995240937,17221861498,4094915361,3229784566,3979673121,3115041502,37037259450,24586886772,19270179173,4708250159,3016465464,7901795535,7938034725,6996138585,11016837037,63032500387,41808748270,23365094534,0.5875898817689719,0.4124101182310282,0.6632887480792806,0.37068328862960487,0.1259355836475299,0.11099256006101423,0.17478026366334887,0.29739927788214776,01
AL,2023,27773047043,18606899132,3314842173,3751693195,4011412463,3517452304,37179927433,25099961825,20730442251,4295254874,3437368658,8112598834,8046948069,7448781121,11630051138,64952974476,43706860957,24045284424,0.57241300699382,0.42758699300617997,0.672900068235514,0.3701952777064072,0.12388883086444843,0.11467959983499001,0.17905340335564282,0.3001286327788281,01
AL,2024,26943288985,16651115895,3243057475,4192283862,4586495518,4203875150,38749217148,26548072514,22557877055,3988537781,3806569711,6894587334,8180821643,8393065229,11098462484,65692506133,43199188409,25800934530,0.5898574956106706,0.41014250438932937,0.6575969003456743,0.39275308629212347,0.12453203758792881,0.1277629020882159,0.16894563988060116,0.302557162769219,01
AL,2025,23669519775,13806669643,3125894834,2008430390,4304874125,4016904017,34910896711,24036209995,19210891588,2856997375,3314135866,6513091774,4865427765,7619009991,10529995791,58580416486,37842879638,22336786422,0.5959482503737964,0.40405174962620355,0.64599881509965,0.38130125666379,0.08305553386024112,0.13006070028233496,0.17975283247630272,0.2689436535154237,01
AR,2018,6449271293,2792738752,2008464810,307175372,1211963635,870092445,11496375801,7231570071,7034218854,5164195856,898603885,900070032,5471371228,2110567520,1770162477,17945647094,10024308823,9042683664,0.6406219703742938,0.3593780296257062,0.5585927757573901,0.5038928725519938,0.3048857028860951,0.11760888358858083,0.09864021440563385,0.43463516168262395,05
AR,2019,6230902809,2314639520,1858887485,191177084,1536345271,744982843,9621432399,5305024825,5072112118,3351509467,758492558,1036615379,3542686551,2294837829,1781598222,15852335208,7619664345,6930999603,0.6069410135955535,0.3930589864044465,0.4806651035965149,0.4372226244308926,0.2234804213080327,0.14476339283072268,0.11238711512363826,0.3777707260806492,05
AR,2020,5193142246,1900693478,1541617934,276816381,1150272768,712000188,8621182549,5011840642,4843010665,3145439402,757027956,775239664,3422255783,1907300724,1487239852,13814324795,6912534120,6384628599,0.6240755648166298,0.3759244351833701,0.5003888516145172,0.46217449594864546,0.2477323961746333,0.1380668800179314,0.10765925038466566,0.3951680744161915,05
AR,2021,5584948328,1877051690,1576206730,261915559,1269505440,982545096,9874354167,5889147945,5580763750,3311770836,1045691919,838514885,3573686395,2315197359,1821059981,15459302495,7766199635,7156970480,0.6387321918433034,0.3612678081566965,0.502364167950774,0.4629555882171772,0.2311673761578724,0.1497607902910758,0.11779703395990765,0.39170207070846247,05
AR,2022,5809529005,2015471401,1636717231,292766261,1457683329,1027486301,7562177808,3651982309,3216390484,1427704134,1060219182,994121434,1720470395,2517902511,2021607735,13371706813,5667453710,4853107715,0.5655357175979985,0.4344642824020015,0.42383921433949556,0.36293853753073607,0.12866498039931262,0.18830075668067223,0.1511854666925982,0.33235671442327486,05
AR,2023,6324687792,2305158399,1897445328,303217282,1641416085,1099827558,6831603609,3076084598,2703722191,889931317,1145974028,911649976,1193148599,2787390113,2011477534,13156291401,5381242997,4601167519,0.5192651485722439,0.48073485142775607,0.40902430882543206,0.349731347441139,0.09069034446206548,0.21186746538527815,0.15289092288174075,0.3095453774222768,05
AR,2024,6930936398,2027271752,1581718556,226005685,1520361340,1597005794,7178890039,3001736951,2647202674,1037209388,1278358333,964289117,1263215073,2798719673,2561294911,14109826437,5029008703,4228921230,0.5087865588604901,0.4912134411395099,0.35641889185911607,0.2997146172479173,0.08952732896043915,0.19835252300913897,0.18152561425444272,0.31745421131858814,05
AR,2025,6644871437,1939003188,1661399819,170080423,1293274178,1496726226,6672934666,2986394322,2692853768,849819111,1066809677,948792889,1019899534,2360083855,2445519115,13317806103,4925397510,4354253587,0.5010535980469666,0.49894640195303347,0.3698355023272559,0.32694976584913266,0.07658164761613814,0.1772126607601204,0.18362777593293814,0.29308590963197323,05
AZ,2018,22515523538,2553281740,2304508470,1199018694,2244929452,7652965178,22350851510,4603311871,4325700948,3396845052,1539013613,8995543524,4595863746,3783943065,16648508702,44866375048,7156593611,6630209418,0.49816486146001515,0.5018351385399848,0.15950906671964393,0.1477768019124949,0.10243447885154852,0.08433806076269307,0.3710687276203772,0.37567855188139065,04
AZ,2019,24966212607,3129392260,2673691170,1086969942,2210765648,7808176854,26476538433,5193831998,4912608559,3200788547,2617366889,9269013549,4287758489,4828132537,17077190403,51442751040,8323224258,7586299729,0.5146796759063841,0.485320324093616,0.16179586219112127,0.1474707237779949,0.08335010088527334,0.09385447783004103,0.331964952452123,0.3388417590545717,04
AZ,2020,20215649648,2318823737,2087327009,874813338,1933760909,6653685629,25597387842,4948839592,4674204766,2970097309,2231287419,8953948024,3844910647,4165048328,15607633653,45813037490,7267663329,6761531775,0.5587358805359143,0.4412641194640858,0.15863744748613043,0.14758968506456044,0.08392612360268104,0.09091404011159794,0.34068104862959175,0.34288317684739483,04
AZ,2021,24083359966,2398008759,2169428972,1515736025,2313571954,7426755026,27950671142,5869824160,5560948352,3676629948,2330009939,9352608546,5192365973,4643581893,16779363572,52034031108,8267832919,7730377324,0.5371613643383994,0.46283863566160055,0.15889280040286669,0.14856387559047848,0.0997878861667071,0.0892412483545998,0.3224690306459891,0.3468140535670604,04
AZ,2022,27176455367,2792934247,2601221311,1604926751,2605832385,8041431816,33036180696,8037128593,7555367883,4300797983,2583682566,10866659095,5905724734,5189514951,18908090911,60212636063,10830062840,10156589194,0.548658601517371,0.451341398482629,0.17986362245739568,0.16867870032086357,0.09808115239832528,0.0861864766320852,0.3140219752414861,0.3382062235224681,04
AZ,2023,28838092871,3296290271,2897422091,1599095784,2851689803,7946964774,35343326835,9432877267,8935257109,3912683308,2595525229,11719263198,5511779092,5447215032,19666227972,64181419706,12729167538,11832679200,0.5506784829145175,0.44932151708548246,0.19833103718037595,0.18436300185011056,0.08587811109894677,0.08487214924432043,0.3064162192436124,0.3206511321917065,04
AZ,2024,32397970318,3225175329,2931310432,1717456144,2997271014,8898926562,42206430337,11364412769,10920152057,5366340001,2697019963,11592928113,7083796145,5694290977,20491854675,74604400655,14589588098,13851462489,0.565736470857518,0.43426352914248206,0.1955593499834946,0.1856654884616605,0.09495145169462926,0.07632647574414053,0.27467353795605665,0.3055514599147476,04
AZ,2025,44425022665,3507447494,3277133321,1563251979,2781206176,14559593148,57401689731,8762911994,8470165279,2826956293,2773313366,13997838864,4390208272,5554519542,28557432012,101826712396,12270359488,11747298600,0.5637193657767043,0.43628063422329566,0.12050236327262599,0.11536558849425706,0.04311450471784512,0.05454874670212956,0.2804512817907868,0.24411452181359494,04
CA,2018,178175235647,49891121093,36451664950,16369306630,17687926485,30763240965,440198629909,249054481940,183021500634,160936842981,27095106823,43688253643,177306149611,44783033308,74451494608,618373865556,298945603033,219473165584,0.7118648675639019,0.2881351324360981,0.4834382882016017,0.35491985966558365,0.286729694586265,0.07242064356606359,0.1203988375884195,0.4024213832789548,06
CA,2019,173754507727,52313661242,36360515348,15865303268,16664220870,27858676129,407516155058,227891579434,173179674737,128892384051,26907425529,46364386905,144757687319,43571646399,74223063034,581270662785,280205240676,209540190085,0.7010781399245187,0.2989218600754812,0.4820563957820836,0.36048643687098414,0.24903663058691622,0.07495930758011823,0.12769105304296696,0.3706268469607673,06
CA,2020,155919092901,45499267532,33984938338,15011418713,16029430773,24069739707,395290855951,210712073729,175915024140,129932316886,26519093797,47580684861,144943735599,42548524570,71650424568,551209948852,256211341261,209899962478,0.7171330212276986,0.2828669787723014,0.46481624976945546,0.38079857396470573,0.26295558688821385,0.07719114043317873,0.12998753871773486,0.38726279437876204,06
CA,2021,174809803490,46239961525,35022714996,16637550169,18054042090,27209385242,469816539848,256683146845,207419364519,145766636940,28025780989,57326119102,162404187109,46079823079,84535504344,644626343338,302923108370,242442079515,0.7288199508186386,0.2711800491813614,0.46992046090050477,0.37609707083888005,0.25193538673588745,0.07148299717381973,0.13113876778019773,0.37350844570829794,06
CA,2022,186312343615,50071318842,35738624563,18325387205,20580184568,30702211515,508398199824,293340209912,222604878582,147884877421,23776559547,60240459902,166210264626,44356744115,90942671417,694710543439,343411528754,258343503145,0.7318129897774333,0.26818701022256675,0.49432318538599196,0.37187214960943543,0.23925110421272067,0.06384924560871416,0.13090728545274388,0.3561050228495955,06
CA,2023,179033232750,47612444620,34135106562,16899680393,19411488226,33282656481,450157037650,263064212107,199668069653,120628872771,15664797949,61266790740,137528553164,35076286175,94549447221,629190270400,310676656727,233803176215,0.7154545434464811,0.28454545655351887,0.49377218838665626,0.3715937566332081,0.21858022864302704,0.055748297176783555,0.15027162953567502,0.34219218467050216,06
CA,2024,183933700133,46495696051,34603877705,15024728488,19493733238,33471792945,491467418851,279486634105,209782183261,122788985386,16254797351,64270583761,137813713874,35748530589,97742376706,675401118984,325982330156,244386060966,0.727667463137032,0.272332536862968,0.48264997050400565,0.36183840105806725,0.20404720987331493,0.05292933278342239,0.1447175226079474,0.3226353231081368,06
CA,2025,188403696924,45884701669,33794177881,10272126838,16958396948,34907090830,488218728115,249147291235,187320742445,75939803119,15425527580,61560961415,86211929957,32383924528,96468052245,676622425039,295031992904,221114920326,0.7215526858821735,0.2784473141178266,0.4360363800933653,0.326792184449481,0.12741512365930055,0.04786114578767237,0.1425729456711986,0.24167557853462313,06
CO,2018,8331661875,2257250703,2049942683,576759812,1446862402,1254214135,13478189533,3499400420,3156081116,1999521726,3924491926,1522419865,2576281538,5371354328,2776634000,21809851408,5756651123,5206023799,0.6179863072361927,0.3820136927638072,0.26394728764123637,0.23870056249399277,0.11812467172770387,0.24628110607070672,0.12731100033911794,0.34227993557359865,08
CO,2019,8097072083,2158276478,1957744230,524258555,1446225065,1059280517,13098443608,3563569156,3222912068,1748550371,3733478536,1514059672,2272808926,5179703601,2573340189,21195515691,5721845634,5180656298,0.6179818315796788,0.38201816842032127,0.26995548102797984,0.24442228127526996,0.10723065006458304,0.24437733322994334,0.12140965223567016,0.3267028413439511,08
CO,2020,8174419117,1928636354,1759945521,504480555,1283845572,1047843682,12012789481,3382793070,3089610738,1674315919,2926863286,1236208362,2178796474,4210708858,2284052044,20187208598,5311429424,4849556259,0.5950693689364333,0.40493063106356675,0.2631086610224168,0.24022916469394676,0.10792955665083181,0.20858301619854297,0.11314353011769478,0.30096548444057447,08
CO,2021,9095133737,2422115126,2121189096,920971894,1605844892,1419394485,16223113761,4163999165,3818764741,2005724175,4875833315,1335884545,2926696069,6481678207,2755279030,25318247498,6586114291,5939953837,0.6407676424792647,0.3592323575207354,0.26013310326950023,0.23461157165278612,0.11559631326106566,0.25600816989848985,0.10882581941019621,0.3344967068462773,08
CO,2022,10290276518,2549333731,2311612487,915222227,1716431992,1442412814,20128946855,4797180733,4465307454,2165760484,6169832176,1522505154,3080982711,7886264168,2964917968,30419223373,7346514464,6776919941,0.6617179738016055,0.3382820261983945,0.24150894235257633,0.22278412101129352,0.10128406873578073,0.2592526466339644,0.09746856228524398,0.31531679408730573,08
CO,2023,10395892988,2218113177,1965670366,894662525,1866357554,1605774243,17724628754,5108630008,4772796274,1986547911,5472980405,1224132680,2881210436,7339337959,2829906923,28120521742,7326743185,6738466640,0.6303093846060119,0.369690615393988,0.26054791060497956,0.23962808022639284,0.10245935201467857,0.2609957961070892,0.10063493661190975,0.3194377916460779,08
CO,2024,10577393479,2521167323,1867493759,759078738,1699367629,1737286933,16752837890,5214367277,4921130212,1804615635,5345569444,1090416224,2563694373,7044937073,2827703157,27330231369,7735534600,6788623971,0.6129782680509,0.3870217319490999,0.28303948457510036,0.24839248081522525,0.09380434209964042,0.2577708537437007,0.10346429632525515,0.31054543214101393,08
CO,2025,11029003646,2444870616,1871375427,645756772,1582660147,1706002344,16411185707,4722602347,4475461525,1321920760,5340344400,1014738631,1967677532,6923004547,2720740975,27440189353,7167472963,6346836952,0.5980711538058605,0.40192884619413943,0.2612034804423239,0.2312971266470546,0.07170787004007596,0.25229434308707194,0.09915168368554078,0.2825754861036436,08
CT,2018,17403470211,1980542393,1582365170,942640771,1964095260,947651956,19847181637,7387095071,5292220305,2297197190,3577188140,2500337615,3239837961,5541283400,3447989571,37250651848,9367637464,6874585475,0.5328009216586529,0.46719907834134716,0.2514757997316214,0.18454940072059703,0.08697399374969456,0.1487566827719154,0.09256185865067282,0.23176511860324747,09
CT,2019,16230612737,1972481408,1571260812,1262442731,1952863056,810080027,20063273335,7307489405,4903885433,1974212871,4277530346,2950029950,3236655602,6230393402,3760109977,36293886072,9279970813,6475146245,0.5528003613390524,0.44719963866094764,0.25568964410673317,0.17840873342012953,0.0891790864053275,0.17166509504218186,0.10360174629800387,0.25433919120943893,09
CT,2020,13827172814,1951379291,1573528357,1097975394,1670809543,753790790,17953907136,6251027737,4533251344,1596453540,4029318762,2946514312,2694428934,5700128305,3700305102,31781079950,8202407028,6106779701,0.5649243878510806,0.43507561214891943,0.2580908842904188,0.19215142187136405,0.08478091173235917,0.17935602924657695,0.11643106866794814,0.2622531704810742,09
CT,2021,14548431607,1907882875,1486277518,1256552047,1738842754,978655625,20748602839,8600544380,5301464686,1821506571,4253180224,3222958289,3078058618,5992022978,4201613914,35297034446,10508427255,6787742204,0.5878285007411242,0.41217149925887575,0.29771416834115527,0.1923034699808673,0.08720445403732262,0.16975995496638782,0.11903589012351556,0.26048196109126465,09
CT,2022,15357311468,2078232632,1372090575,887384804,2067991722,1136978595,21261666821,9162051693,5809058845,1773607085,4203518003,3288245664,2660991889,6271509725,4425224259,36618978289,11240284325,7181149420,0.5806187887930998,0.41938121120690014,0.3069524287731555,0.19610458170967457,0.07266701621217371,0.1712639188211295,0.12084510452683209,0.24793243022095066,09
CT,2023,15952030614,2019304844,1502578445,989685662,2117446701,1074277808,21983609705,7918178831,4795179458,1241414447,5838043870,3554638453,2231100109,7955490571,4628916261,37935640319,9937483675,6297757903,0.5794975258132007,0.4205024741867993,0.2619563975047188,0.1660116410331363,0.05881277053026458,0.2097101961137982,0.12202024855981185,0.2578510373344306,09
CT,2024,17418897102,2092088306,1676014287,1455639115,2385769471,1669260252,22843663659,8098064087,4600857092,1340628648,5741225316,3643128840,2796267763,8126994787,5312389092,40262560761,10190152393,6276871379,0.5673673811906998,0.4326326188093002,0.25309250580183185,0.15589846399139223,0.06945081758705675,0.20184992294062296,0.13194364669288006,0.2697269593671585,09
CT,2025,17742804302,2063932877,1717475577,936785128,2121820184,1207133850,24023187771,7332356717,4663911990,1127350451,5716698870,5152486861,2064135579,7838519054,6359620711,41765992073,9396289594,6381387567,0.5751853740002504,0.42481462599974956,0.22497465348307422,0.15278908150550805,0.04942144257922174,0.187677070864247,0.15226791931302486,0.25338843668558486,09
DC,2018,2724156597,1767056989,968745192,2676194,9207027,22729678,762978600,189164822,178210887,220978872,85002353,3956866,223655066,94209380,26686544,3487135197,1956221811,1146956079,0.21879811274779204,0.781201887252208,0.5609824972323836,0.328910700103263,0.06413719381812658,0.027016268276907878,0.007652856139033143,0.08493866846769119,11
DC,2019,3688910270,1963990031,930869602,1762511,12930736,10226905,678498624,161720672,155402190,39129393,66645529,4376923,40891904,79576265,14603828,4367408894,2125710703,1086271792,0.15535495770321156,0.8446450422967884,0.4867212469893367,0.2487222557732878,0.00936296669088571,0.018220475098936317,0.0033438197234206576,0.022301543584299893,11
DC,2020,2770134649,1148615264,698918004,649182,5182915,2939838,536686878,151393087,147448077,42632990,73678507,7302760,43282172,78861422,10242598,3306821527,1300008351,846366081,0.1622968985831209,0.8377031014168791,0.39312927546452375,0.25594549753879114,0.013088753549776925,0.023848103490346002,0.003097414818540946,0.029256064535109094,11
DC,2021,1534571742,504769724,395427173,1126027,7778908,7478706,624347845,135150094,131068814,29638959,79566337,7911410,30764986,87345245,15390116,2158919587,639919818,526495987,0.2891945808262288,0.7108054191737712,0.2964074353918954,0.24387012382041073,0.014250176887204275,0.04045785008666004,0.007128619376410336,0.0428020585650465,11
DC,2022,1530577240,464461018,412293022,2067558,6389943,10654714,1219139837,242561352,222338978,24986682,76725222,68907855,27054240,83115165,79562569,2749717077,707022370,634632000,0.4433691913969955,0.5566308086030045,0.2571254969879943,0.23079901758198232,0.009838917693131088,0.03022680613042576,0.02893482011858633,0.04533589344253834,11
DC,2023,1746436286,623650316,581356209,844434,4345560,7645120,1590558840,400097465,349088261,298393680,182254018,77058680,299238114,186599578,84703800,3336995126,1023747781,930444470,0.4766440405043612,0.5233559594956387,0.3067873168358952,0.2788270389580425,0.08967292510213873,0.055918444874588046,0.025383255534308504,0.13845394534747665,11
DC,2024,2713275543,1168918406,866723089,2311684,7187328,8675048,1712906981,468302966,458268963,364451520,284685345,65837831,366763204,291872673,74512879,4426182524,1637221372,1324992052,0.3869942036308126,0.6130057963691874,0.3698946808276721,0.29935323381164747,0.08286219603717364,0.0659423038741364,0.01683456987956785,0.13252832028939618,11
DC,2025,3662842206,2118129906,1128196342,397489,11801028,10921175,1076897300,171149306,163954032,25959399,112433924,21350578,26356888,124234952,32271753,4739739506,2289279212,1292150374,0.2272060096629285,0.7727939903370715,0.48299684172558827,0.2726205464170081,0.005560830498518962,0.02621134597011754,0.0068087608948018,0.025372894617470564,11
DE,2018,4703807646,2595742530,1502175394,380449749,719826607,156122125,8892340755,5189523621,2170533586,448647527,1341181390,316544116,829097276,2061007997,472666241,13596148401,7785266151,3672708980,0.6540338111009414,0.3459661888990586,0.5726082064849625,0.2701286328803142,0.0609803049765932,0.1515876361608713,0.03476471623134352,0.1727917164119221,10
DE,2019,4405549663,1999364802,1497006004,463638870,578806616,164390052,9508429430,4752622172,2071765095,427758050,1940455050,331764338,891396920,2519261666,496154390,13913979093,6751986974,3568771099,0.6833724103253546,0.3166275896746455,0.4852664308944423,0.2564881746009966,0.06406484543651887,0.1810597564622918,0.03565869882969789,0.1940959186117127,10
DE,2020,3911666666,1423296115,1193097590,508933990,619555262,152888788,9110719504,4138863888,2416507866,443284859,893855689,610655149,952218849,1513410951,763543937,13022386170,5562160003,3609605456,0.6996198227471241,0.3003801772528759,0.42712295046307935,0.27718464257461045,0.07312168726754938,0.11621610135371988,0.05863318189403686,0.1780312572162034,10
DE,2021,4727250868,1597063850,1334551798,555607109,593173332,261486028,11107979272,5470827415,2748496894,750794346,1311094192,859875591,1306401455,1904267524,1121361619,15835230140,7067891265,4083048692,0.7014725503698931,0.29852744963010686,0.4463396617865637,0.25784586999377834,0.08249968225595994,0.12025512147056172,0.07081435565419575,0.1971413685308144,10
DE,2022,5233606660,1801243704,1475882002,496935722,733456773,242934031,14778110635,8271072266,3346575749,756729649,1427942769,1691080235,1253665371,2161399542,1934014266,20011717295,10072315970,4822457751,0.738472886516959,0.26152711348304103,0.5033209205147329,0.24098170486372544,0.06264656613519284,0.10800669978183398,0.09664409293265504,0.18543704176388626,10
DE,2023,4879396855,1580423636,1168272631,416799774,865675508,333176599,10607454829,7960657737,4132436399,544056119,861050370,1222213150,960855893,1726725878,1555389749,15486851684,9541081373,5300709030,0.6849329383039761,0.31506706169602394,0.6160762411676751,0.3422715693388053,0.06204333279647104,0.11149624941420082,0.10043292082450346,0.18920083493969359,10
DE,2024,4750076142,1485417685,1123758026,532449256,835583271,398988998,10621281779,7859814334,4415450758,695053823,1379260524,841288868,1227503079,2214843795,1240277866,15371357921,9345232019,5539208784,0.6909787563068482,0.30902124369315176,0.6079639851618286,0.3603591050620491,0.07985651529999267,0.14408901324027662,0.08068759262352225,0.214722478818272,10
DE,2025,5469032610,1492012812,1274898525,405328453,725214629,305447622,10383261397,6842655554,3896225661,563915334,987537840,995156092,969243787,1712752469,1300603714,15852294007,8334668366,5171124186,0.6550005565386938,0.34499944346130623,0.5257704886320936,0.3262066792173141,0.06114217832270867,0.10804445515858391,0.08204514207380231,0.1751959366621404,10
FL,2018,57251655693,22657061262,16768322211,2080871509,3788982120,3334176308,80572777307,44768096220,30636566529,14121032138,4820073151,7515194047,16201903647,8609055271,10849370355,137824433000,67425157482,47404888740,0.5846044533119901,0.41539554668800993,0.48921048332555084,0.3439512698013421,0.11755465481943975,0.0624639266319347,0.07871877372424961,0.20226427503315034,12
FL,2019,55989159304,22056014967,15976749914,1361826323,4361685175,3321353184,81689576915,45204824604,31010104835,12113386269,4700779442,6910142154,13475212592,9062464617,10231495338,137678736219,67260839571,46986854749,0.5933347382348113,0.4066652617651887,0.4885346961931064,0.3412789515605366,0.09787431931802108,0.06582326992444719,0.0743142740773359,0.18195684571909093,12
FL,2020,45764830841,18451785626,13245003233,1217627080,3473428899,2649251041,76691826784,40291535744,29571898409,11166594169,4309664276,6164362832,12384221249,7783093175,8813613873,122456657625,58743321370,42816901642,0.6262773153490273,0.37372268465097264,0.4797070450010986,0.34964943901309586,0.10113146552573972,0.06355794226259408,0.07197333361808715,0.18245023105414843,12
FL,2021,55758403181,22422769105,16678169466,1472442246,4179377075,3338136040,93126834728,51304363181,37610608689,12696159068,5217573179,7650340780,14168601314,9396950254,10988476820,148885237909,73727132286,54288778155,0.6254940787677014,0.37450592123229864,0.49519437468382654,0.36463506333772183,0.0951645812102606,0.0631153926740776,0.07380501233249367,0.17731682421420336,12
FL,2022,67694105320,27085704116,19802882861,1474329420,5402522052,4030695112,112005847104,62679511520,44813176756,13923386075,5796715052,9592648532,15397715495,11199237104,13623343644,179699952424,89765215636,64616059617,0.6232936936996147,0.37670630630038526,0.49952832165586775,0.35957749985675647,0.08568569600212951,0.06232187016708567,0.0758116151965131,0.16856578722028878,12
FL,2023,68887672632,26015895976,19737160109,1658630511,5256403463,4253104937,112470967256,61989984078,43275483986,12521920050,6035116403,10428599851,14180550561,11291519866,14681704788,181358639888,88005880054,63012644095,0.6201577566167108,0.3798422433832892,0.4852588225647754,0.34744770987428086,0.07819065344643825,0.0622607220310717,0.08095398596431273,0.1641194782436689,12
FL,2024,72440498711,25869650346,19701653206,1695701821,5480634577,4509833496,117048884721,62356777176,44293981800,12582862091,6276239735,9913535574,14278563912,11756874312,14423369070,189489383432,88226427522,63995635006,0.6177068213586967,0.38229317864130336,0.46560090029350304,0.33772675728276574,0.07535284380258693,0.06204502911488475,0.07611702992941533,0.15825007922916698,12
FL,2025,78875554626,25677857358,19975309036,1673260039,5439891405,5442948238,115814512226,59845370488,42062109959,9376263133,6319506906,8731208079,11049523172,11759398311,14174156317,194690066852,85523227846,62037418995,0.5948660560789687,0.4051339439210313,0.4392788457513514,0.3186470681226884,0.05675442692410011,0.06040060749447115,0.07280369536148419,0.1366770086376733,12
GA,2018,40619084016,16234214022,13658777511,2979375795,6317945534,3908302028,98616361875,66945802580,50270981705,23706115155,4586353997,6854879557,26685490950,10904299531,10763181585,139235445891,83180016602,63929759216,0.7082705215179294,0.29172947848207065,0.5974054671905686,0.45914859400132346,0.1916573095251237,0.07831554286497128,0.07730202260009222,0.28502784880416177,13
GA,2019,41259768868,16338199367,14087622883,2367749219,5990909654,3513599644,101854437522,70718497675,53986588338,19671792588,5208052346,7711918950,22039541807,11198962000,11225518594,143114206390,87056697042,68074211221,0.7117003971250544,0.2882996028749456,0.6083022729746488,0.47566354828179125,0.153999678738672,0.07825192398776785,0.07843748623675682,0.24801332487338681,13
GA,2020,38617574007,16331344445,12502690516,3420134337,5252521862,3108007446,98729991400,67407999341,54581005057,20080873210,4334511931,9075747937,23501007547,9587033793,12183755383,137347565407,83739343786,67083695573,0.7188332105300511,0.2811667894699489,0.6096893202136962,0.4884228954056221,0.17110610936102008,0.0698012648756524,0.08870747251249819,0.2662113517939104,13
GA,2021,42426377818,18397290395,14614843270,4188855206,6308446300,3708494281,123418915727,84740438627,67687494520,23561353850,4973804004,11719738289,27750209056,11282250304,15428232570,165845293545,103137729022,82302337790,0.7441809959684618,0.25581900403153823,0.6218912024417196,0.4962597130781303,0.16732587619961814,0.06802876381257515,0.09302785891728514,0.2639598498375343,13
GA,2022,47330168621,20247341587,16032608077,4120334785,7185191813,4637766800,148437904512,102626122050,79961783040,24797243463,6276644207,13497809589,28917578248,13461836020,18135576389,195768073133,122873463637,95994391117,0.7582334654290384,0.24176653457096167,0.6276481229578369,0.49034753001723513,0.14771345391111915,0.06876420554466182,0.09263806962373858,0.2445548190121594,13
GA,2023,49890441555,19508606617,15065671102,3924237706,7834274626,4875109265,136889160397,90964367981,71254132180,17585801352,6533513925,13669608377,21510039058,14367788551,18544717642,186779601952,110472974598,86319803282,0.732891380891682,0.2671086191083179,0.5914616662819003,0.46214791326187266,0.11516267747228527,0.07692375613206597,0.09928663220283422,0.22088891047322537,13
GA,2024,53442647110,17802310473,14323856149,3054943242,7774908499,6366387122,145613705179,97288109154,74551252934,17330729860,6515875308,18627261110,20385673102,14290783807,24993648232,199056352289,115090419627,88875109083,0.7315200118185162,0.26847998818148383,0.5781800897260789,0.446482154731574,0.10241156771728167,0.07179265390260905,0.12556066633690227,0.22082355986098845,13
GA,2025,60277239997,19316878081,14705612768,2994703998,6805147761,6317448877,150502222725,89770451242,72014956419,12828251812,6563925071,23485728413,15822955810,13369072832,29803177290,210779462722,109087329323,86720569187,0.7140269776828282,0.28597302231717187,0.5175424963810483,0.411427982912059,0.07506877380586703,0.06342682849340335,0.14139507191603307,0.19796191405152885,13
HI,2018,659145935,465681777,115552925,35103721,17970762,1126851,4521496986,3630408197,628082891,385900687,123913438,34445920,421004408,141884200,35572771,5180642921,4096089974,743635816,0.8727675415867558,0.1272324584132441,0.7906528275470002,0.14354122207219386,0.08126489596367223,0.027387372988951848,0.006866478068929237,0.10181720659840088,15
HI,2019,460047597,284403853,108155295,21135582,15984536,917181,3780570510,3242441984,534067468,196367227,101736301,14370006,217502809,117720837,15287187,4240618107,3526845837,642222763,0.8915140233352778,0.1084859766647221,0.831682020877623,0.1514455550571463,0.05129035520575822,0.027760301453620143,0.0036049431036398677,0.07010950194011423,15
HI,2020,329132693,132144692,86371273,8193445,16341455,1912601,1911632208,1665646630,453606794,142930464,123079804,8296758,151123909,139421259,10209359,2240764901,1797791322,539978067,0.8531159190983776,0.14688408090162244,0.8023114433815384,0.24097934895312786,0.06744300079520034,0.0622203868588711,0.004556193733418355,0.10750894915057402,15
HI,2021,320638709,174838455,123576192,10964116,20380157,1535094,2550490171,2301159987,627079822,199338710,102235669,17043493,210302826,122615826,18578587,2871128880,2475998442,750656014,0.8883231222277977,0.11167687777220227,0.8623780211496462,0.2614497799903709,0.07324743499497662,0.0427064862375666,0.0064708300381137885,0.10275382476038485,15
HI,2022,432494882,227771146,129419822,25343400,18215843,2226102,2517298905,2158875118,962085299,284718249,112441272,29278764,310061649,130657115,31504866,2949793787,2386646264,1091505121,0.8533813163801338,0.1466186836198662,0.8090891893928855,0.3700276018650384,0.10511299141196544,0.04429364370344035,0.01068036217950038,0.13809739494172987,15
HI,2023,571214857,253301606,113999439,15503623,16009400,2678352,2676195167,2235535178,920340126,237000695,89200611,15057465,252504318,105210011,17735817,3247410024,2488836784,1034339565,0.8241014061118141,0.17589859388818588,0.7664066950604449,0.3185121550268393,0.07775560096626714,0.032398129654846446,0.005461526837979607,0.10047139486196278,15
HI,2024,462205624,258114463,121665886,20076528,17884512,2371716,2325680015,1869790428,711948954,244762135,117589909,13038545,264838663,135474421,15410261,2787885639,2127904891,833614840,0.8342092596862076,0.16579074031379235,0.7632683569342064,0.2990132838802575,0.09499624349548148,0.04859396637539048,0.005527580035717527,0.1274691713421463,15
HI,2025,395401827,175172366,113492910,13243961,16272417,1843991,2849140860,2490176799,704352250,175636275,180988793,21442294,188880236,197261210,23286285,3244542687,2665349165,817845160,0.878133264023843,0.121866735976157,0.8214868541194816,0.2520679303363408,0.0582147483393551,0.06079784704031542,0.007177062300120695,0.09899969394361678,15
IA,2018,14370379303,6129461821,3293454034,626869587,4281699475,2336081494,10702282974,3835549278,3498358261,2087368308,2777632791,1689899815,2714237895,7059332266,4025981309,25072662277,9965011099,6791812295,0.4268506812624189,0.5731493187375811,0.3974452728197612,0.2708851664799218,0.1082548739744268,0.28155495367860334,0.1605725496766719,0.37353137598759195,19
IA,2019,13225411168,5573790056,3368699419,759469655,3849687034,2092620648,10019091786,3469565137,3170629728,1632459532,2405196838,1951683893,2391929187,6254883872,4044304541,23244502954,9043355193,6539329147,0.43103058842890324,0.5689694115710967,0.3890534984076218,0.2813279836502027,0.10290300428163761,0.26909088503110523,0.17398971916084965,0.36875136679681053,19
IA,2020,12640232575,5472650815,3561634385,1155470990,3493247646,2001846043,8940693192,3072126872,2833914789,1465972742,2380108147,1293846981,2621443732,5873355793,3295693024,21580925767,8544777687,6395549174,0.4142868238614427,0.5857131761385572,0.3959412019324055,0.2963519379590107,0.12147040216451341,0.27215495092342673,0.15271323666010367,0.3763913147146316,19
IA,2021,15750581746,6478778072,4073500633,924793994,4126517414,2953747114,11478666671,3755098926,3404555258,1593599869,3587037861,1771654336,2518393863,7713555275,4725401450,27229248417,10233876998,7478055891,0.42155650039292086,0.5784434996070792,0.37584133213205756,0.2746332097191208,0.09248855585113008,0.2832819752081077,0.17354138379558787,0.3665825712533474,19
IA,2022,18040900979,7125700983,4388342276,1010505521,5221582766,3493737411,13915743458,4693120014,4114635104,1827633095,4726304155,2099807976,2838138616,9947886921,5593545387,31956644437,11818820997,8502977380,0.43545696687378393,0.5645430331262161,0.36983923704192007,0.2660785426568471,0.08881215991232015,0.31129322543896853,0.17503544209803482,0.38060936043452215,19
IA,2023,18384450434,7186044947,4212931171,1118659288,5505410949,3237685694,13268539301,4343920114,3835856958,1406487043,4045396044,2728184978,2525146331,9550806993,5965870672,31652989735,11529965061,8048788129,0.4191875526477815,0.5808124473522185,0.36426148548776255,0.2542820819260598,0.079775918551158,0.3017347515340481,0.1884773198976302,0.37390316141016494,19
IA,2024,17052869383,6689357982,4190838826,927363208,5254342127,3125516778,12454913314,4443368285,3884495399,1281923037,3604387781,2405545623,2209286245,8858729908,5531062401,29507782697,11132726267,8075334225,0.42208909567665576,0.5779109043233442,0.3772810170562847,0.27366794407839407,0.0748713065866726,0.3002167258368976,0.18744418914140684,0.3674678555736553,19
IA,2025,16192199576,6491965971,4055588220,755757518,4864651133,3224859205,12005635029,3961800032,3727369349,1117636913,3191968344,2804571951,1873394431,8056619477,6029431156,28197834605,10453766003,7782957569,0.4257644318146039,0.5742355681853961,0.37072938931084987,0.2760125973510015,0.06643752817345103,0.28571766555334754,0.21382603453283855,0.3661637482251627,19
ID,2018,4027894050,655505647,588662850,417511713,927385788,227926269,6880614073,534012268,501386344,2885120936,1128118619,221064685,3302632649,2055504407,448990954,10908508123,1189517915,1090049194,0.630756653010378,0.3692433469896221,0.10904496761495422,0.09992651439674782,0.30275750008716384,0.18843130369643124,0.04115970295271879,0.44051210407665387,16
ID,2019,3433498623,620449606,574418184,208883986,942885424,257908179,5122703314,513112064,466328466,640994379,1071153186,225432816,849878365,2014038610,483340995,8556201937,1133561670,1040746650,0.5987122968484001,0.4012877031515999,0.1324842118438187,0.12163652256726769,0.09932892786515822,0.23538932634240373,0.0564901341224621,0.2744566041440777,16
ID,2020,3407043547,667963681,610625735,161710481,1184660443,225420246,5512327993,648055618,582448370,528631396,1195905617,149818661,690341877,2380566060,375238907,8919371540,1316019299,1193074105,0.6180175327689063,0.38198246723109375,0.14754619124207938,0.13376212658588274,0.07739804019869319,0.2668984075082043,0.04207010609628669,0.2627791483613878,16
ID,2021,3751207968,693821298,636996595,152395530,1461194081,234380104,6246813538,870726248,700310347,498594466,1544412731,131534758,650989996,3005606812,365914862,9998021506,1564547546,1337306942,0.6248049710886469,0.3751950289113531,0.15648571520486185,0.13375715797345075,0.06511188194677604,0.3006201587180303,0.03659872723622445,0.26744321351932887,16
ID,2022,4080397641,767601844,637928324,215723050,1597867710,202724783,7315669105,983790612,826425625,485251857,1483799891,165111262,700974907,3081667601,367836045,11396066746,1751392456,1464353949,0.6419468460526336,0.3580531539473663,0.1536839415770126,0.1284964349225127,0.06151024933633712,0.2704150185924157,0.03227745617838802,0.24312573419881933,16
ID,2023,4005996060,782346517,635742376,180600072,1496268212,284095111,6089803824,842418851,683985629,289571409,1353802571,168613837,470171481,2850070783,452708948,10095799884,1624765368,1319728005,0.6032017169487707,0.39679828305122933,0.16093478344147416,0.13072049962990331,0.04657099847483467,0.28230262245162385,0.0448413155175016,0.2428573612563099,16
ID,2024,4286508061,862484455,724835207,178896963,1657143990,305658576,8932135416,861851173,671703422,303865368,1579938165,199632372,482762331,3237082155,505290948,13218643477,1724335628,1396538629,0.6757225453233244,0.3242774546766755,0.13044724528657473,0.10564916373075126,0.03652132171050611,0.24488762108096912,0.038225627983627025,0.2063892711492638,16
ID,2025,4603400414,967849873,776522593,140878569,1773117364,290908175,7121337261,1030978049,829680332,269713976,1205666119,133561546,410592545,2978783483,424469721,11724737675,1998827922,1606202925,0.6073771079914587,0.3926228920085412,0.17047954311694227,0.13699265344117817,0.03501933743690346,0.25405971251292836,0.03620291837360873,0.2091769159688257,16
IL,2018,65467721274,18944161639,14604546312,3457541133,17699224104,10189034287,156724089588,40976549937,36350675618,40791899173,38042288240,12719078031,44249440306,55741512344,22908112318,222191810862,59920711576,50955221930,0.7053549317591141,0.2946450682408859,0.26968010811710724,0.2293298827365313,0.19914973524151466,0.2508711375443995,0.10310061486572017,0.41153278668758647,17
IL,2019,59766955741,17455225972,13850255871,2914397434,15685334217,9304873748,163390324076,39448209063,35187180962,41903018175,37343083793,12717588081,44817415609,53028418010,22022461829,223157279817,56903435035,49037436833,0.7321756395757654,0.2678243604242347,0.25499251058116335,0.2197438366035521,0.20083331202886365,0.23762799964888406,0.0986858320152473,0.40262161102734245,17
IL,2020,53272403298,16012479978,12084309899,2996005284,13272589498,7076184459,155720163680,34409119924,31168606344,48279468193,28603683213,12498872234,51275473477,41876272711,19575056693,208992566978,50421599902,43252916243,0.7450990527160336,0.25490094728396645,0.24126025452047645,0.2069591127973135,0.24534591932352126,0.20037206737313382,0.09366388946770822,0.4217674934280265,17
IL,2021,66129637971,17766589556,13106372370,3499452597,18679685989,8950209604,203070096715,44726965323,38650835680,60426371432,45449542650,15293159660,63925824029,64129228639,24243369264,269199734686,62493554879,51757208050,0.7543473137217801,0.24565268627821993,0.23214567782503107,0.19226322087713293,0.2374661479646864,0.2382217378995623,0.09005718111972864,0.4344334993762609,17
IL,2022,78897902221,20334556062,13831891858,3980323887,24501671717,11534603367,242930225482,53433476496,45873467674,65061346496,67953941017,18218373504,69041670383,92455612734,29752976871,321828127703,73768032558,59705359532,0.7548446035959568,0.24515539640404319,0.22921561606348168,0.18551939495822833,0.21452963380104334,0.2872825734465414,0.0924498957979758,0.4423691153477537,17
IL,2023,78759642819,22785611099,15243374636,4411847690,20753289399,12904303760,224618953925,49975970527,42954176426,45681919872,65339943878,18166145477,50093767562,86093233277,31070449237,303378596744,72761581626,58197551062,0.7403915646512804,0.2596084353487196,0.23983755745102353,0.19183143335292321,0.16511964950602837,0.2837815000827104,0.1024147700940755,0.3968374116120999,17
IL,2024,81833900449,25383990896,17508159190,4711031060,20935723180,13031305570,218080510135,48442828832,42806038551,42009337925,63760369012,19334764059,46720368985,84696092192,32366069629,299914410584,73826819728,60314197741,0.727142486119119,0.2728575138808809,0.24615962795599844,0.20110470058292582,0.1557790067307038,0.28240087572677114,0.10791768746948861,0.38997014464845964,17
IL,2025,79955438897,22824856150,16493419625,2969519533,17529815223,11971188960,211032056842,45712251590,42417261490,23291986090,58395844814,18931736336,26261505623,75925660037,30902925296,290987495739,68537107740,58910681115,0.7252272346138348,0.27477276538616524,0.2355328278486374,0.20245090245334696,0.09024960181297668,0.2609241329912719,0.10620018299246181,0.3105241914032169,17
IN,2018,39320426233,6384570156,5052520489,1957271764,13376793370,5415799119,61645507986,19257703959,18542420730,9245757810,7973236372,4491211002,11203029574,21350029742,9907010121,100965934219,25642274115,23594941219,0.6105574960787062,0.3894425039212938,0.2539695622424556,0.23369210022680947,0.11095850952758073,0.2114577546094978,0.09812230429633044,0.29670654487107767,18
IN,2019,39421791766,6481439149,5117434426,2021540759,13304355605,5748717470,64451317037,18307772771,17210266339,7690887890,7750183964,5129493075,9712428649,21054539569,10878210545,103873108803,24789211920,22327700765,0.6204812562145878,0.37951874378541217,0.23864898437779358,0.21495169464259978,0.09350282051748404,0.20269480534110976,0.10472595525788116,0.2779552768768786,18
IN,2020,35585316460,6044187425,5205800526,2831132153,11231189219,4787656414,63890237920,16605961244,15525081823,6834759879,7470126850,4542264402,9665892032,18701316069,9329920816,99475554380,22650148669,20730882349,0.6422707399642843,0.3577292600357157,0.22769562642974234,0.2084017774840171,0.0971685163480061,0.1879991138080049,0.09379109143095986,0.26624263949138494,18
IN,2021,41372852950,7095389926,6040274455,3235993332,13595658133,5315016559,77330088044,19057510291,18150625972,8932786291,10471440550,5007186853,12168779623,24067098683,10322203412,118702940994,26152900217,24190900427,0.6514589057057041,0.3485410942942959,0.22032225990358514,0.20379360632878304,0.10251455878936552,0.20275065201810377,0.08695827858655793,0.27633991715216255,18
IN,2022,45449277435,8178106943,6699603967,3554074115,15099654193,5881073885,89833833355,22527320921,21812890738,11140587442,11308204863,5286152610,14694661557,26407859056,11167226495,135283110790,30705427864,28512494705,0.6640432263155825,0.33595677368441745,0.22697162775672747,0.21076167260272385,0.1086215527658181,0.19520440431764557,0.08254708536629445,0.2752724465761821,18
IN,2023,54231241092,8777699317,7067426045,4875320326,15051138826,7177284769,91323620872,20562441060,19876376292,8023069477,11097080092,5909926276,12898389803,26148218918,13087211045,145554861964,29340140377,26943802337,0.6274171789231404,0.3725828210768595,0.20157444403510671,0.18511097446998367,0.08861531404007755,0.1796451081411985,0.08991256539569838,0.2503499181622157,18
IN,2024,60181842573,9323149208,7241367183,5058251308,14253663367,7481175118,106736478796,23422643487,22776070120,9290129684,10670535960,6123858121,14348380992,24924199327,13605033239,166918321369,32745792695,30017437303,0.6394533441301612,0.3605466558698388,0.19617854065648144,0.17983308876346527,0.0859604917801718,0.14931973388290323,0.08150712951949636,0.22445660982161153,18
IN,2025,68839734467,8830619079,7013677869,3177760029,12658958737,7984842933,152959680912,23730175555,22248323726,9411268245,10371711763,6284090383,12589028274,23030670500,14268933316,221799415379,32560794634,29262001595,0.6896306766662571,0.3103693233337429,0.14680288754756954,0.13193002129874204,0.05675861792732178,0.10383557801830233,0.0643326011099621,0.15765952540428044,18
KS,2018,11581768320,4147162884,3443901588,656968011,1948450855,2105141376,12291983874,6221190316,5822520458,2842265110,1757610888,710676311,3499233121,3706061743,2815817687,23873752194,10368353200,9266422046,0.5148744015651318,0.4851255984348683,0.4342992720937179,0.3881426752988102,0.1465723985306103,0.1552358302492314,0.11794617218602432,0.3104815999917637,20
KS,2019,11681205948,3809370892,3116388824,552909169,1928060528,2212026088,12129842417,5555202626,5223214383,2285444650,1628395137,802903405,2838353819,3556455665,3014929493,23811048365,9364573518,8339603207,0.5094207626250395,0.4905792373749605,0.3932869050723966,0.35024090830282095,0.11920322765679284,0.14936157410975887,0.12661893112743672,0.2847915307991102,20
KS,2020,10409666277,3650149925,3043988461,722370490,1687237661,2079183035,10392448591,5395127308,5061408832,1983839129,1468465555,569239834,2706209619,3155703216,2648422869,20802114868,9045277233,8105397293,0.49958615539551493,0.500413844604485,0.4348248863347253,0.38964294469254057,0.13009300430135476,0.15170107635807908,0.1273150776161746,0.29750269668590695,20
KS,2021,12548601089,4434314348,3607483233,1123991107,2052628937,2759289172,12069108638,6295973312,5763033294,2224564207,1798857186,853383775,3348555314,3851486123,3612672947,24617709727,10730287660,9370516527,0.49026122949053,0.50973877050947,0.43587676428856936,0.380641279425059,0.1360222112915484,0.15645184567172796,0.14675097671810322,0.3179439047254471,20
KS,2022,14010438688,4435792481,3653634755,748190414,2712307344,3122091318,13410494130,7086840193,6759517774,2075817898,1948737103,1129023805,2824008312,4661044447,4251115123,27420932818,11522632674,10413152529,0.4890604640990518,0.5109395359009482,0.4202130084515639,0.3797519434555656,0.10298731741708758,0.16998125038037865,0.15503174714061618,0.2979951159296845,20
KS,2023,14078973837,4200849085,3512802253,873631004,2669499766,2827471096,12950694341,5989839428,5657923609,1435649612,2146021526,1224232404,2309280616,4815521292,4051703500,27029668178,10190688513,9170725862,0.47912886890490336,0.5208711310950966,0.3770186317453357,0.3392837012133298,0.08543503385955625,0.1781568778531825,0.1498983810425673,0.28226818919700614,20
KS,2024,14459566815,4190451714,3450133694,814957482,2675817247,3103040742,14468628205,7513776375,6353034764,1501455523,2085383248,1384212702,2316413005,4761200495,4487253444,28928195020,11704228089,9803168458,0.5001566186551517,0.49984338134484824,0.4045958650689434,0.33887936842317373,0.08007457787803589,0.164586850016334,0.15511695219482796,0.27189685920473305,20
KS,2025,14642423109,3492146212,2775124456,477697434,2287923241,3783460798,13962446615,6651330230,5978302483,1193501193,1998345023,1570471067,1671198627,4286268264,5353931865,28604869724,10143476442,8753426939,0.4881143228310268,0.5118856771689733,0.3546066295659246,0.3060117743397977,0.0584235706411148,0.1498440057709385,0.18716854565878183,0.26063110149894697,20
KY,2018,31807608747,5594018790,4757032144,2233190639,7775327764,2273622212,54390069399,14225007208,13599616556,8221642516,4001848762,6711900285,10454833155,11777176526,8985522497,86197678146,19819025998,18356648700,0.6309922792453311,0.369007720754669,0.22992528829408732,0.2129598974685589,0.12128903445974265,0.1366298580113961,0.10424320805695592,0.2658128741007538,21
KY,2019,33007256587,5222879774,4691096471,2097879792,7810949012,2198561630,56760353249,14247623593,13626925717,6317255901,4080570424,7495350510,8415135693,11891519436,9693912140,89767609836,19470503367,18318022188,0.632303270107088,0.36769672989291197,0.2168989839717403,0.20406048708956293,0.09374356416945873,0.13247004635330145,0.1079889746169046,0.23801897675158235,21
KY,2020,24618073807,4254566193,3829731715,1538010209,6646860514,2176735613,54572797847,13131230376,12473662211,5742814857,3639964061,6843311804,7280825066,10286824575,9020047417,79190871654,17385796569,16303393926,0.6891299048385141,0.31087009516148595,0.2195429372840074,0.2058746618831604,0.09194020616178228,0.1298991204433902,0.11390261565007524,0.23822124781786153,21
KY,2021,29802158271,5311460059,4681306093,2376101961,8459164200,2794253110,67832975470,17347022151,16309287494,7679130490,4525046905,7104492673,10055232451,12984211105,9898745783,97635133741,22658482210,20990593587,0.6947598970872803,0.3052401029127198,0.2320730390978612,0.2149901657602319,0.10298784941160477,0.13298707757643527,0.10138507936352846,0.243611143575583,21
KY,2022,34923760653,5990146006,5176670675,2521107820,8933198612,3529205323,69328033852,19535622108,18373362168,7699048863,5124557038,7548038562,10220156683,14057755650,11077243885,104251794505,25525768114,23550032843,0.6650056642303166,0.33499433576968335,0.24484727802719755,0.22589570716569796,0.09803338860042196,0.13484425583989135,0.10625470705416708,0.242692766336857,21
KY,2023,40247256756,8284589115,6624747965,2858006165,9185048780,3733167842,72293561378,17860719786,16992477138,6421666364,5952309966,7839455411,9279672529,15137358746,11572623253,112540818134,26145308901,23617225103,0.642376362431643,0.357623637568357,0.23231845417961444,0.20985474865554526,0.08245606067969835,0.1345054976228826,0.10283045249609542,0.22485763075108514,21
KY,2024,47922178331,8215451757,6350970866,4315422008,9537561282,4151502784,94467451848,19969942172,19165979511,6734764104,5838813664,9903744837,11050186112,15376374946,14055247621,142389630179,28185393929,25516950377,0.6634433401452314,0.3365566598547686,0.19794555188862945,0.1792051172892456,0.0776052729268884,0.10798802501748297,0.09870976982896122,0.2016239498347549,21
KY,2025,50629895139,7782144449,6459884082,4704711668,8368817935,3963848179,96498676266,19583902285,18806617265,4674855167,4885250743,10534485805,9379566835,13254068678,14498333984,147128571405,27366046734,25266501347,0.6558799242355765,0.34412007576442355,0.18600090025117988,0.17173075974107735,0.06375081838578395,0.09008494102423927,0.09854193407540482,0.1769269434455704,21
LA,2018,67232696368,63344369199,7200426411,3012466829,3568100493,9296980202,40013822414,35444956552,4725685299,1366028040,3278484017,2266654281,4378494869,6846584510,11563634483,107246518782,98789325751,11926111710,0.3731013637406366,0.6268986362593634,0.921142493695381,0.11120278630434809,0.04082645216578234,0.06383968997555112,0.1078229355537908,0.1438240274833875,22
LA,2019,63878395176,60278760968,6862284534,4928854064,2942909293,8529384902,29380262967,24569897160,4515400466,1047052732,3459846713,2397652745,5975906796,6402756006,10927037647,93258658143,84848658128,11377685000,0.3150405930347957,0.6849594069652043,0.9098207053107674,0.1220013801030013,0.06407884173967768,0.068655888187692,0.11716914938069141,0.1755738642807077,22
LA,2020,58600171555,55531255199,5916139325,10876039018,2411277584,5039835803,20717082563,17471234231,4232228923,820823611,2459201855,2179537557,11696862629,4870479439,7219373360,79317254118,73002489430,10148368248,0.2611926344825209,0.738807365517479,0.9203859896787961,0.1279465402685563,0.14746933386774355,0.0614050434947509,0.09101895218485204,0.2389237312755053,22
LA,2021,76560688069,72157224036,6514640059,12420104603,3529086724,7060380835,30947062932,27457664897,5091671494,1381750323,2971984501,3025125042,13801854926,6501071225,10085505877,107507751001,99614888933,11606311553,0.2878588998825968,0.7121411001174033,0.9265833207884092,0.10795790484810758,0.12838009164447706,0.060470721082608536,0.09381189526424182,0.22094966145258726,22
LA,2022,123445921784,118249170057,6811029536,15222831004,4841920418,9291379891,38114466709,34037045145,6194539898,1763029177,3883153389,4967371637,16985860181,8725073807,14258751528,161560388493,152286215202,13005569434,0.23591467602005303,0.764085323979947,0.9425962429435367,0.08049974102756938,0.10513629200474443,0.05400503111180644,0.08825648205604429,0.19049319990545485,22
LA,2023,99074695873,94119278244,6279531651,13911615906,4801227020,7067698835,31696494070,27833977495,6104227784,1142360214,3231528120,5824609503,15053976120,8032755140,12892308338,130771189943,121953255739,12383759435,0.24238132331605866,0.7576186766839413,0.9325697486744327,0.09469791809952774,0.1151169162455558,0.06142603079088967,0.09858676321305515,0.2111245926479227,22
LA,2024,86619326947,81351792811,6324234304,10033563760,4269001198,7204649366,31440210643,27108875971,6327996791,1183852429,3145399570,4586445135,11217416189,7414400768,11791094501,118059537590,108460668782,12652231095,0.26630809576932546,0.7336919042306745,0.9186946772455167,0.10716822506063824,0.09501490873152589,0.06280221758744227,0.09987413758936102,0.19262072183760787,22
LA,2025,93391531848,88677195167,6273956449,3128645777,3240276554,5742446295,33727366923,28791874431,8501018083,1065373464,2683125609,3583724838,4194019241,5923402163,9326171133,127118898771,117469069598,14774974532,0.2653214215123009,0.7346785784876991,0.9240881626076402,0.1162295667665952,0.032992885255837295,0.04659733698347081,0.07336573257923476,0.10497072699346063,22
MA,2018,27159731182,3643570806,2923122702,2637417156,3021938371,2511687303,35507327591,11119329629,8550884058,5218440625,7423810984,3370361019,7855857781,10445749355,5882048322,62667058773,14762900435,11474006760,0.5666027461033207,0.4333972538966792,0.23557672442352715,0.18309470692668853,0.12535864830446908,0.16668644674768962,0.09386188592808621,0.2816876479099346,25
MA,2019,26132435247,3261296185,2844480451,2369323613,2974132503,1941426604,36472432695,12288493379,8297371141,4224752740,8102046191,3062468338,6594076353,11076178694,5003894942,62604867942,15549789564,11141851592,0.5825814172915391,0.4174185827084609,0.24837987963501548,0.17797101021476985,0.10532849233240221,0.17692200396080185,0.07992820856416208,0.2594386198473806,25
MA,2020,24907787504,3212363716,2732131365,2670549054,2768502013,2054719561,34954298758,11257428767,7981983247,3596656650,7811679546,3435503568,6267205704,10580181559,5490223129,59862086262,14469792483,10714114612,0.5839138082327199,0.4160861917672802,0.2417188138026074,0.178979973486177,0.1046940742521093,0.17674261322422735,0.09171453037855702,0.26576836041377994,25
MA,2021,32390973321,3370251461,2775938400,3515889364,3651027422,2794154975,43899674773,14193804242,9520772949,4284868398,11469509291,4239414706,7800757762,15120536713,7033569681,76290648094,17564055703,12296711349,0.5754266855737009,0.42457331442629914,0.23022554063715384,0.16118242086302442,0.10225051112933858,0.19819646432115157,0.09219438891558147,0.2764850230713784,25
MA,2022,32658511796,3194106771,2605267512,3655969969,3666387988,2882357067,49200126986,17949621362,10744334929,4510760731,13438194175,4518580567,8166730700,17104582163,7400937634,81858638782,21143728133,13349602441,0.6010376878734353,0.39896231212656474,0.25829562337713,0.16308116821428822,0.09976626561979667,0.20895268254523122,0.09041119842842295,0.27938459420398915,25
MA,2023,35275772995,3556560443,2917990721,3326345415,3319480379,2735838742,43032033335,15717033617,8900803157,3331912896,11329486291,4719482464,6658258311,14648966670,7455321206,78307806330,19273594060,11818793878,0.5495241834978369,0.450475816502163,0.2461260883592932,0.15092740343400704,0.08502675049970335,0.18706904658096557,0.09520533846373168,0.2543913815265217,25
MA,2024,35008757045,3762165141,3244835229,3890409050,3119909267,3540635659,43272362513,16217149343,10119337999,3415566036,10656695369,5270830314,7305975086,13776604636,8811465973,78281119558,19979314484,13364173228,0.5527815999225544,0.4472184000774457,0.2552252011316335,0.17072026183910444,0.09332997697595345,0.17598885547098808,0.11256182873663954,0.26646038750053,25
MA,2025,38802820168,3416439127,2952007138,2857536790,3093492395,2989875623,42962819286,14950573060,9705830233,2670289739,9984759333,4221236443,5527826529,13078251728,7211112066,81765639454,18367012187,12657837371,0.525438553075466,0.47456144692453395,0.2246299583742995,0.15480631540980108,0.0676057395981091,0.15994801502601358,0.08819244996006975,0.21649001858975908,25
MD,2018,12104568521,5198455379,2691324241,591939930,1652861835,422271464,35116186633,28308795201,13092847916,3681480303,2104581312,1994388819,4273420233,3757443147,2416660283,47220755154,33507250580,15784172157,0.7436599969330512,0.2563400030669488,0.7095873513823222,0.3342634421140329,0.09049876943016243,0.07957185637429842,0.051177925366051424,0.16894863847437233,24
MD,2019,13050994031,5526976538,3038905042,529392991,1652764667,408208701,35463385346,28354962743,12532738807,2708366397,2402059857,2928139385,3237759388,4054824524,3336348086,48514379377,33881939281,15571643849,0.7309870970505026,0.2690129029494974,0.6983896262530148,0.32096965990215887,0.06673813886888508,0.0835798494399031,0.06877029303154843,0.158148224351756,24
MD,2020,12674489040,5373533399,3017365690,634023635,1601736500,293111053,30469197877,23323782320,11065414419,2417367717,2355904976,3230019748,3051391352,3957641476,3523130801,43143686917,28697315719,14082780109,0.7062261029201506,0.29377389707984936,0.6651567765686788,0.3264157774946891,0.07072625382875318,0.0917316474044911,0.08166040161977378,0.1747614832433121,24
MD,2021,16391266790,7800661520,3963516142,1270825846,1963402105,365250905,38486811201,29909169461,13735004734,2720156742,2753356613,4147875692,3990982588,4716758718,4513126597,54878077991,37709830981,17698520876,0.7013148530331517,0.29868514696684834,0.6871565543382261,0.322506208743363,0.07272453289370887,0.08594977977861303,0.08223915199326318,0.1736378919568346,24
MD,2022,17800163145,8882362283,3682290475,1125333755,2290567004,451315510,47539094761,38250753285,16947248842,3310376690,3478604744,4599852261,4435710445,5769171748,5051167771,65339257906,47133115568,20629539317,0.7275732275593317,0.2724267724406683,0.721359823764877,0.315729623784197,0.06788737104087428,0.08829564235791888,0.07730678206151098,0.1672488256925322,24
MD,2023,18424622710,8630391664,3545709312,1019185761,2382559501,524465484,46189119127,37467255280,16409947576,2684029277,2956172564,4941113722,3703215038,5338732065,5465579206,64613741837,46097646944,19955656888,0.7148497798428161,0.285150220157184,0.7134341029233342,0.3088453991465438,0.05731311842830645,0.0826253350017699,0.08458849542854095,0.15764141668649295,24
MD,2024,17948351628,8104850018,3856721547,1169346897,2284937360,554390419,42670580780,34343402237,15029972218,2629249942,2863263515,4795617655,3798596839,5148200875,5350008074,60618932408,42448252255,18886693765,0.7039150820539473,0.2960849179460528,0.7002474403425492,0.31156427562732014,0.0626635390645496,0.08492727718049653,0.08825638891149375,0.16657373871974376,24
MD,2025,16507156542,7463281645,3934905622,658178725,2152426533,507384850,41434374449,33465120737,16917432652,2024826301,2814120354,3656361954,2683005026,4966546887,4163746804,57941530991,40928402382,20852338274,0.7151066556290333,0.28489334437096664,0.7063741962282178,0.3598858697268281,0.046305387174128146,0.08571652840466795,0.07186118027579821,0.14085201238240785,24
ME,2018,2836344835,513172577,280229389,204526289,1426981327,50191317,3843078287,1302341600,908446422,349924894,1902640987,64874184,554451183,3329622314,115065501,6679423122,1815514177,1188675811,0.5753608083820985,0.42463919161790153,0.27180703240976684,0.17796084920640245,0.08300884266094859,0.498489503237672,0.017226862095471845,0.3924386618608349,23
ME,2019,2724056658,469872208,288404845,134717204,1411147838,50621535,4630673318,2069828071,876279893,293187154,2873787498,89632518,427904358,4284935336,140254053,7354729976,2539700279,1164684738,0.629618399738786,0.370381600261214,0.34531523078176435,0.15835859940481925,0.05818083864347707,0.5826094703656868,0.019069911942066926,0.41918846802812926,23
ME,2020,2355551133,328232833,208312127,111999556,1243873788,46579738,4746036354,2336428020,825460825,204768110,3159426395,87816928,316767666,4403300183,134396666,7101587487,2664660853,1033772952,0.6683063980677536,0.3316936019322464,0.37522045005822513,0.14556927643184014,0.04460519096326948,0.6200444887936083,0.01892487647952284,0.4279868101271481,23
ME,2021,3113133827,511838791,379375977,103124040,1590815713,55889598,6389217937,3374226223,1025039150,224124748,4221522375,106260696,327248788,5812338088,162150294,9502351764,3886065014,1404415127,0.67238280540253,0.32761719459746996,0.4089582358677245,0.14779658361214085,0.03443871539672881,0.611673639574179,0.017064227680384576,0.411681435749467,23
ME,2022,3462236500,460488969,331309597,139597396,1880917943,77991612,8196550165,4723469923,1196690139,258180594,5788777977,125552799,397777990,7669695920,203544411,11658786665,5183958892,1527999736,0.7030362936141777,0.29696370638582226,0.44463965599116656,0.13105992758123772,0.0341183007657341,0.6578468360712559,0.017458455742315446,0.4393014758538769,23
ME,2023,2968665815,440861689,338463862,123095672,1446060499,99591877,7261076774,4064071287,1127931373,167002024,5036888817,111361852,290097696,6482949316,210953729,10229742589,4504932976,1466395235,0.7098005361159142,0.2901994638840858,0.4403759856913835,0.14334624964823736,0.028358259601951357,0.6337353320083624,0.020621606767196436,0.42097242286728664,23
ME,2024,3112067869,547662432,404758010,139484778,1338742634,82012635,6752137043,3878140324,1123534577,177611308,4748346307,83048544,317096086,6087088941,165061179,9864204912,4425802756,1528292587,0.6845090002931602,0.3154909997068398,0.44867303502747835,0.15493317511488452,0.03214613735509959,0.6170886549198644,0.016733348553941717,0.41243933943938327,23
ME,2025,3185469626,458260483,346352147,104401227,1309133574,75335315,6008509160,3172122996,1021002868,142533666,4131966832,88111510,246934893,5441100406,163446825,9193978786,3630383479,1367355015,0.6535265416480373,0.34647345835196275,0.394865331267472,0.14872288122767047,0.026858327471455185,0.5918112856955204,0.017777594315193147,0.3926116554778833,23
MI,2018,58006639920,12627703703,8583691322,3554073992,23894355464,12284467808,146243898279,30018704495,15734427776,10345469147,47256649445,56090366929,13899543139,71151004909,68374834737,204250538199,42646408198,24318119098,0.7160025112713069,0.28399748872869307,0.20879459400224384,0.11906024489544802,0.06805143947996731,0.34835161530726555,0.33475963069621306,0.47791818708205447,26
MI,2019,55988165571,12108582897,7924043015,3239456107,23257224555,11209289261,141603893424,27163724644,14080277498,8158148475,45056413974,58095268933,11397604582,68313638529,69304558194,197592058995,39272307541,22004320513,0.7166476939621508,0.2833523060378492,0.1987544830533588,0.11136237268298728,0.05768250323404147,0.34573068814839697,0.350745665319241,0.47556831531462423,26
MI,2020,44873667288,9719158809,7046204782,2456103202,18164403565,8904133882,115152410055,24505549623,13261134825,6882811148,33252290351,47360788898,9338914350,51416693916,56264922780,160026077343,34224708432,20307339607,0.7195852823923331,0.28041471760766684,0.21386957051157818,0.1269001899201293,0.05835870318799957,0.32130197008949624,0.3515984626643177,0.4620989628402879,26
MI,2021,56795062679,11269697034,8430082446,2746892627,22944981681,10691075617,131520768810,28672516555,19418783497,7952222635,37792602570,51848973243,10699115262,60737584251,62540048860,188315831489,39942213589,27848865943,0.6984052682670095,0.3015947317329905,0.212102260724336,0.1478838275189132,0.056814741370403384,0.32253042014976757,0.3321019181738479,0.4495941443645727,26
MI,2022,62740065843,12530570073,8843950939,2603097940,28027459896,11728042993,152449306315,32734004435,19714949815,9235245210,45806013315,59063005035,11838343150,73833473211,70791048028,215189372158,45264574508,28558900754,0.7084425442863697,0.29155745571363034,0.2103476303409867,0.1327152008837639,0.0550136051389557,0.34310929239009413,0.3289709306648406,0.4582617389719166,26
MI,2023,65109862094,12220419531,8723761076,2446365851,27949493756,14853856482,170793795667,39046222187,21458408376,8318714864,50651892489,68850700279,10765080715,78601386245,83704556761,235903657761,51266641718,30182169452,0.7239980816237939,0.2760019183762062,0.21732024931101127,0.1279427785836976,0.045633377698222795,0.3331927405917252,0.3548251754782167,0.4584441273401879,26
MI,2024,62639471186,11739323756,8577662244,2062560489,24464178071,17089604238,172997322579,43027438832,24357999435,8945837953,44780129480,75179695750,11008398442,69244307551,92269299988,235636793765,54766762588,32935661679,0.7341693961068313,0.2658306038931687,0.23242025030530147,0.13977300044171648,0.04671765502368297,0.29386033668433453,0.39157424659249074,0.45797840498977815,26
MI,2025,58278380476,10879258516,8148879036,1548517806,21166959580,16646864240,167236323546,36500273964,21172967511,7559547656,43509604874,78892111738,9108065462,64676564454,95538975978,225514704022,47379532480,29321846547,0.7415761392201075,0.25842386077989254,0.2100950919607349,0.13002188338078177,0.04038790065374835,0.286795332191246,0.4236485438602697,0.46665422628465775,26
MN,2018,22680974377,5132686083,3954493735,2260269737,4830757462,2343352079,32868331399,13403749510,13106316689,12398780282,9704075423,2267299976,14659050019,14534832885,4610652055,55549305776,18536435593,17060810424,0.5916965286936262,0.4083034713063738,0.33369337985513836,0.30712913844138623,0.26389258721093545,0.26165642723981175,0.08300107428150841,0.47068708812372756,27
MN,2019,22187924026,4815722356,3689813714,2124635630,4748822197,2426497459,29833170620,10840122084,10306645124,8900441648,9266088276,2344441436,11025077278,14014910473,4770938895,52021094646,15655844440,13996458838,0.5734821772400733,0.4265178227599267,0.30095184552606885,0.269053524022225,0.21193474210846386,0.26940821926894293,0.09171162059287513,0.42860664602555465,27
MN,2020,20196705978,4455831246,3476768664,2136543480,4955898055,1936051593,28042155720,11151044137,10720569622,7544171932,7465987932,2532452189,9680715412,12421885987,4468503782,48238861698,15606875383,14197338286,0.5813187694095742,0.41868123059042583,0.32353324339838363,0.2943132940176453,0.20068291562529483,0.2575078588041188,0.09263286123903844,0.41076734765118916,27
MN,2021,23454116829,4053069361,3003882475,2403567941,6606424939,2449208094,32359271165,9380749099,8689504253,4789454036,12106763917,2935922530,7193021977,18713188856,5385130624,55813387994,13433818460,11693386728,0.5797761492005943,0.4202238507994058,0.2406916860421401,0.20950863490417482,0.12887628283330976,0.33528136399839564,0.09648456790651927,0.3879358419762587,27
MN,2022,27130571707,4989780525,2877335625,2444325386,8995328117,2797459681,42432868673,11240820552,10184743697,4862958327,17078926177,3295507290,7307283713,26074254294,6092966971,69563440380,16230601077,13062079322,0.609988069037479,0.3900119309625209,0.23332085055509152,0.18777218680741736,0.10504488669742243,0.37482698025810324,0.08758863761936324,0.3824942574239023,27
MN,2023,24845322862,4403800589,2704658867,2165713502,7046255511,3337259841,37168988031,9606708906,8660938992,3644477502,14163635948,3252279184,5810191004,21209891459,6589539025,62014310893,14010509495,11365597859,0.5993614618266367,0.4006385381733633,0.22592381166943623,0.1832737910868718,0.09369113226179278,0.3420160790885143,0.10625836085431385,0.36265579622748967,27
MN,2024,26886935135,4564883179,2859257336,2006222073,7893846625,4204359042,40590819606,13012693741,12310523349,6713874613,14694470225,3067824877,8720096686,22588316850,7272183919,67477754741,17577576920,15169780685,0.6015437200274346,0.39845627997256544,0.2604943953376642,0.22481158039751323,0.12922920626909365,0.33475205179396944,0.10777157519411898,0.39474338246194673,27
MN,2025,23505897862,3894194723,2780304620,1541785332,5570097977,3596537839,37434350158,13067429657,12309612740,5899254137,12657391681,2629613569,7441039469,18227489658,6226151408,60940248020,16961624380,15089917360,0.614279583268424,0.38572041673157603,0.27833205362789726,0.24761824656584325,0.12210385928455564,0.29910429068188094,0.1021681337095418,0.36286731391940924,27
MO,2018,14512404250,4254338567,3602797357,780225350,5589130164,2608594028,20530137732,10443941992,10105352727,4871003867,4227421645,3521779813,5651229217,9816551809,6130373841,35042541982,14698280559,13708150084,0.5858632556549561,0.41413674434504383,0.4194410487272852,0.3911859502384658,0.16126767344397613,0.28013241202771144,0.17494090023917033,0.4343116608041052,29
MO,2019,13489897327,3855858810,3070500658,598025664,4991954471,2335919928,20456525070,8882562757,8573908736,4047594160,5866361975,3395810573,4645619824,10858316446,5731730501,33946422397,12738421567,11644409394,0.6026121053571712,0.3973878946428288,0.3752507824838046,0.34302316921117054,0.13685152943865314,0.3198662975147448,0.16884637897826132,0.43007913533445685,29
MO,2020,12870165614,3926185328,3201312022,679077454,4533167200,2195672692,18665353169,8551421439,8193807457,3710127902,4493793141,3332458094,4389205356,9026960341,5528130786,31535518783,12477606767,11395119479,0.5918834980150071,0.4081165019849929,0.39566835265530376,0.36134238213778236,0.13918291264534735,0.2862474025912079,0.1752985522147197,0.41611048552890395,29
MO,2021,15681975771,4199720234,3506253754,700292556,5428998910,3305710169,24483793086,10240983817,9647617232,4420498969,6131958626,3901742358,5120791525,11560957536,7207452527,40165768857,14440704051,13153870986,0.6095686397332095,0.3904313602667905,0.35952763913003766,0.32748958529415956,0.12749143538696533,0.2878311025779152,0.1794426630462447,0.4078556947614613,29
MO,2022,16638954867,4212221670,3417272866,649158396,6279449850,3372548357,27848363511,11805391485,11241500154,5329397019,7498222314,4654312155,5978555415,13777672164,8026860512,44487318378,16017613155,14658773020,0.6259843147743348,0.37401568522566525,0.3600489698862379,0.32950453195329255,0.13438785777558876,0.309698868494024,0.18043030698765306,0.42846536306459493,29
MO,2023,17794362101,4886736967,3685635791,557579467,6545221226,3871298390,26822466481,11348521646,10880297688,4192989538,4313045818,4848474913,4750569005,10858267044,8719773303,44616828582,16235258613,14565933479,0.6011737573795446,0.39882624262045535,0.36388195057749745,0.326467253319668,0.10647482476861986,0.24336707446706796,0.1954368694532866,0.3697571911208326,29
MO,2024,19344487676,5107887954,3505855217,671427698,6495552682,4257711005,24265925811,10802142397,10381382383,4233649863,4025458872,5020612138,4905077561,10521011554,9278323143,43610413487,15910030351,13887237600,0.5564250340858045,0.4435749659141956,0.3648218184343215,0.31843856752561406,0.11247491525073877,0.24124998395477837,0.2127547620195303,0.38487776283532393,29
MO,2025,18675779301,5186202023,3537844036,408952295,5761855055,4283691879,21874251663,9551421165,8963809296,3587613760,3589094247,5091712754,3996566055,9350949302,9375404633,40550030964,14737623188,12501653332,0.5394385933371985,0.4605614066628016,0.36344295769056123,0.3083019429282032,0.09855889033840985,0.2306027660077917,0.23120585632409038,0.3756440637375391,29
MS,2018,11585844221,6796514233,3615739105,625956299,2229994198,1170256583,16523677928,9774168912,6067016137,4129974171,932547863,1502024245,4755930470,3162542061,2672280828,28109522149,16570683145,9682755242,0.5878320463938528,0.4121679536061472,0.5895042632586874,0.3444653093238181,0.16919286086722726,0.1125078556738293,0.09506674691355672,0.29373762241965884,28
MS,2019,11833018907,6222610000,3259988718,454873973,2729369628,1428989899,16900535936,9980040778,6612950407,4366435207,903936482,1588385501,4821309180,3633306110,3017375400,28733554843,16202650778,9872939125,0.5881811710505171,0.4118188289494828,0.5638930117255314,0.3436031211225235,0.16779368951539791,0.12644819375299599,0.1050122554096395,0.3066699590129792,28
MS,2020,10288956294,5634467806,3418496374,760941480,2090354562,1216482368,15712013600,8469325510,6191856907,3923205469,853469005,1841975672,4684146949,2943823567,3058458040,26000969894,14103793316,9610353281,0.6042856733442745,0.3957143266557255,0.5424333543517006,0.369615184363476,0.18015277768853216,0.11321975983977885,0.11762861356590285,0.31866180173194114,28
MS,2021,12807786664,7280444556,3947468959,705706029,2268648831,1669647807,18407119630,10751793556,7441959016,3820152288,1224828038,2573318544,4525858317,3493476869,4242966351,31214906294,18032238112,11389427975,0.5896900492550298,0.4103099507449702,0.5776803538079524,0.3648714453193546,0.1449902900355636,0.11191694237670999,0.13592756970138864,0.29369699728242277,28
MS,2022,15903717987,9144251621,2793338703,623069582,2590320836,2176837948,21661011537,12269560394,7975488042,3444696866,1972855065,3277457002,4067766448,4563175901,5454294950,37564729524,21413812015,10768826745,0.5766316385470269,0.423368361452973,0.5700510102520178,0.2866738794996468,0.10828685576988158,0.1214750101710329,0.14519723738501208,0.2682902043035086,28
MS,2023,14184435783,7906036560,2625435966,767473368,2210671786,1958647491,19859800238,10884353192,7503552554,2825335180,1913857607,2818823560,3592808548,4124529393,4777471051,34044236021,18790389752,10128988520,0.5833527950443532,0.4166472049556468,0.5519404148299657,0.29752433022001107,0.10553353424596738,0.12115206199533474,0.14033127511080123,0.26242353650964895,28
MS,2024,13856719413,7962431990,3006385499,591465915,2123919435,1643332775,21379326251,12831667939,8821851857,2946665587,1629070223,2763269999,3538131502,3752989658,4406602774,35236045664,20794099929,11828237356,0.6067459003449656,0.39325409965503444,0.590137160318331,0.3356857199241482,0.10041227485452041,0.10650995556616498,0.12505951479402647,0.23935395707063528,28
MS,2025,14221844293,7705848273,2930744326,564106821,1791888985,1921454291,23052490235,10897418111,7661950849,2285880812,1393200156,3073009167,2849987633,3185089141,4994463458,37274334528,18603266384,10592695175,0.6184547766421763,0.3815452233578237,0.49909050341396344,0.28418200644314395,0.07645978577723839,0.08544992637245884,0.1339920221579871,0.20812495489550595,28
MT,2018,1665601127,383118247,350792973,114529463,692719351,39202051,4689728017,352152804,338611653,155391489,3987279175,107043004,269920952,4679998526,146245055,6355329144,735271051,689404626,0.7379205562354741,0.2620794437645258,0.11569362252373061,0.10847662023152015,0.042471592876480606,0.7363896377292021,0.02301140533973263,0.4981122187178414,30
MT,2019,1697228261,361973711,344847052,96349269,753097915,53872956,4647584493,319432738,310338739,68904819,4063166569,110795032,165254088,4816264484,164667988,6344812754,681406449,655185791,0.7325014422324747,0.26749855776752524,0.10739583269347337,0.10326321932620425,0.0260455421471371,0.7590869377451135,0.02595316747467249,0.4970696052790087,30
MT,2020,1467550328,346032725,311936343,93446902,580053617,60241039,3944504775,287187283,269625297,57889261,3431823908,70145169,151336163,4011877525,130386208,5412055103,633220008,581561640,0.7288367727101466,0.2711632272898534,0.11700176660230135,0.10745671079321234,0.027962790496370155,0.741285417211688,0.024091810877484333,0.48718912734987346,30
MT,2021,1975295811,353345287,333204415,109013671,911713655,87704273,6510789399,208021384,186091095,98084567,5974980976,95431874,207098238,6886694631,183136147,8486085210,561366671,519295510,0.7672312070738682,0.23276879292613184,0.06615142991240362,0.061193765693993075,0.024404449504696876,0.8115278671589017,0.021580757495127723,0.5242696242971144,30
MT,2022,1965774398,350049738,335553088,155028402,837555104,119237754,8433221170,260840840,232388101,115665550,7731918303,99234025,270693952,8569473407,218471779,10398995568,610890578,567941189,0.8109649739587234,0.18903502604127662,0.05874515226065149,0.05461500442866618,0.02603077866798837,0.8240674160271938,0.02100893086946645,0.5330765868059846,30
MT,2023,2236833884,365976326,351004337,111968281,1020695602,61344333,7429380841,252787740,228640764,85126496,6809990357,110547035,197094777,7830685959,171891368,9666214725,618764066,579645101,0.7685925724146377,0.23140742758536229,0.06401306856961012,0.05996608988013144,0.020390068150487935,0.8101088359590523,0.01778269704224887,0.5171249879512685,30
MT,2024,2420310498,385365628,359259366,95720628,921038164,73643007,7372221975,225619984,200538063,92511813,6767117092,114699777,188232441,7688155256,188342784,9792532473,610985612,559797429,0.7528412078618797,0.24715879213812028,0.062393013623861994,0.057165746505663896,0.01922203898930078,0.785103881676962,0.019233307065286667,0.5018243522346499,30
MT,2025,2119901203,369215470,335658309,58459358,958418598,74328679,6318346593,205225275,195571989,61171964,5774549444,73632269,119631322,6732968042,147960948,8438247796,574440745,531230298,0.7487747155274462,0.25122528447255377,0.06807583267136376,0.06295504835160448,0.01417727055333799,0.7979106806026297,0.01753455830843676,0.5034444138999778,30
NC,2018,32764978139,13215496254,12036937660,2317543836,6681884487,3775006101,53221018606,30074445813,28145495852,11035794367,3627131813,7648057711,13353338203,10309016300,11423063812,85985996745,43289942067,40182433512,0.6189498362603414,0.3810501637396586,0.5034533959684228,0.4673136909858124,0.15529666118310692,0.11989180436638316,0.13284795483474163,0.3069405167037818,37
NC,2019,34333390763,13710928901,12601312728,3250599140,6658921181,3777885002,59237953987,30987958706,29015871863,8941948869,3423451316,7736958581,12192548009,10082372497,11514843583,93571344750,44698887607,41617184591,0.6330779379656185,0.36692206203438155,0.4776984634176693,0.44476420320976523,0.13030215651571045,0.10775064229265552,0.12305950730712353,0.26878824627557785,37
NC,2020,28482468547,11185024434,10345849982,2734043776,5921180858,3469136982,60861178131,27395184429,25885465483,8818279970,3225407960,7024072904,11552323746,9146588818,10493209886,89343646678,38580208863,36231315465,0.6812032012790729,0.3187967987209272,0.4318181571661771,0.4055276095409435,0.12930212920047113,0.10237536924102582,0.11744774559984297,0.2611959981049924,37
NC,2021,33488141222,11926585338,11148438795,4087078533,6587009478,4567273916,73719812996,34099810721,31641938903,9736112796,4439400213,8176931492,13823191329,11026409691,12744205408,107207954218,46026396059,42790377698,0.6876338004370071,0.31236619956299294,0.4293188541347267,0.3991343553761758,0.12893811312630302,0.10285066785789564,0.11887369273072346,0.2619727294794745,37
NC,2022,40194354155,14095751879,11644972208,6274509421,7578639104,5232724039,71768350125,37707709357,34648422068,9301992146,4829353747,10456492811,15576501567,12407992851,15689216850,111962704280,51803461236,46293394276,0.6410022925627034,0.35899770743729664,0.46268497683343024,0.4134715624609063,0.13912223420439876,0.11082255408881234,0.14012895589556226,0.2896931401950235,37
NC,2023,42162557107,15355264720,12739894091,5744022370,7768587532,5368166234,79964010117,38278880255,31179072764,7296663156,4640268141,10268410831,13040685526,12408855673,15636577065,122126567224,53634144975,43918966855,0.6547634305509709,0.34523656944902914,0.43916852978129034,0.35961845037734885,0.10678008743241968,0.10160652145605746,0.12803583544864544,0.24456550157524143,37
NC,2024,43048456425,14975448332,12878957965,5920189113,8911447534,5025529114,87550385831,39154290965,31649803485,7066188174,4719209729,11575515784,12986377287,13630657263,16601044898,130598842256,54129739297,44528761450,0.6703764315106533,0.3296235684893467,0.41447334725138546,0.3409583169406255,0.09943715474555348,0.10437042953475169,0.12711479375489879,0.23832828871934375,37
NC,2025,43790280600,13589348511,11981304981,6673748482,8573991379,5250021864,102037154674,38039835301,31711315757,5359058537,4639483729,14260652269,12032807019,13213475108,19510674133,145827435274,51629183812,43692620738,0.6997116453586324,0.30028835464136766,0.3540430078537157,0.2996186599312022,0.0825140138849124,0.09061035108498455,0.1337928908668026,0.21715595905598473,37
ND,2018,7800176994,404714808,130595378,21509845,6849172038,227826339,3359136637,353679097,303108337,171004010,2126465944,163090428,192513855,8975637982,390916767,11159313631,758393905,433703715,0.3010164198332495,0.6989835801667504,0.0679606228552642,0.038864730335671664,0.01725140643643229,0.8043181040334003,0.03503053860893857,0.5208605920218357,38
ND,2019,6971386711,349066307,106500274,19040227,6127174274,228587492,3418056963,277290762,234396572,149812087,2101563180,161977905,168852314,8228737454,390565397,10389443674,626357069,340896846,0.32899326183882444,0.6710067381611756,0.060287835292613765,0.032811847938798495,0.016252296012977067,0.7920286891388367,0.03759252268506018,0.5140250231073152,38
ND,2020,5170768611,295580585,126343299,22009008,4372094916,252677081,2839873988,344372867,197421495,118472508,1764982669,137332390,140481516,6137077585,390009471,8010642599,639953452,323764794,0.3545126315277769,0.6454873684722231,0.07988790463325475,0.0404168317333764,0.017536859779206333,0.7661155155974773,0.04868641512588346,0.5064180182132227,38
ND,2021,5176408362,528362044,214895131,65198922,3979856417,457326427,3346011199,356792159,297060112,151856919,2258534203,207120691,217055841,6238390620,664447118,8522419561,885154203,511955243,0.39261282257352126,0.6073871774264787,0.10386184306750303,0.06007158405375766,0.025468804891193506,0.7319975947379904,0.07796461007864712,0.511446127781176,38
ND,2022,5245375144,489688483,162946553,31331768,3898993059,449788588,4614391353,563012844,526378028,175270581,2889116588,209654629,206602349,6788109647,659443217,9859766497,1052701327,689324581,0.46800209258545894,0.5319979074145411,0.10676736891490302,0.06991287077738997,0.020954081322601528,0.6884655583948561,0.06688223470613089,0.47416275718319373,38
ND,2023,8786174163,615174636,226926420,32624617,7175199960,539188775,4694171391,596467263,558203144,169919381,2983639150,205070340,202543998,10158839110,744259115,13480345554,1211641899,785129564,0.34822337247928387,0.6517766275207162,0.08988210978319258,0.05824253991523458,0.015025133976621205,0.7536037610686904,0.05521068521712763,0.500313801748112,38
ND,2024,6846334536,656023093,262273432,35602379,5173327468,693150484,4271811101,620599365,577081347,153118955,2794405416,234072644,188721334,7967732884,927223128,11118145637,1276622458,839354779,0.38421974675200055,0.6157802532479995,0.11482332573082484,0.07549413422025315,0.016974173586281834,0.7166422480997404,0.08339728208940712,0.4969978916997704,38
ND,2025,8644434294,516955680,277176276,37110775,6954255314,818060816,3927203613,498668255,449284258,115130808,2653601442,167445227,152241583,9607856756,985506043,12571637907,1015623935,726460534,0.3123859947328978,0.6876140052671023,0.08078692231777464,0.05778567115709722,0.01210992426971115,0.7642486068303208,0.07839122080117035,0.5176938208486058,38
NE,2018,7947162437,3550093461,3239736177,424063992,1716606366,1774207952,4438762175,2415317527,2006478271,947340059,939244388,335705694,1371404051,2655850754,2109913646,12385924612,5965410988,5246214448,0.3583714832802666,0.6416285167197334,0.4816282332463465,0.4235626012867258,0.11072278364033691,0.2144249086924767,0.17034768998640826,0.34158634284766787,31
NE,2019,7460411361,3269519316,2963279116,340989374,1592274754,1739130292,4264889905,2324780795,2070516400,954894161,907867349,393800173,1295883535,2500142103,2132930465,11725301266,5594300111,5033795516,0.3637339295807225,0.6362660704192775,0.47711354992829574,0.4293105483435687,0.11052027624720308,0.21322625715807345,0.18190837204199475,0.347601053767244,31
NE,2020,6992815343,3151771693,2909692518,432919107,1331304015,1640548090,3722746179,1819199629,1569844665,626481460,874466678,367638921,1059400567,2205770693,2008187011,10715561522,4970971322,4479537183,0.34741494147151053,0.6525850585284895,0.46390208406663097,0.41804035876263806,0.098865613792143,0.20584741998553754,0.18740847195707044,0.3348191489577078,31
NE,2021,7964145373,3571135017,3272825715,695592269,1611330916,1799386832,4679828421,2032924710,1767546601,729188526,1228404441,382340471,1424780795,2839735357,2181727303,12643973794,5604059727,5040372316,0.3701232300260492,0.6298767699739508,0.44321981509162245,0.3986383077123926,0.11268457355361709,0.22459199957750245,0.17255076121996588,0.3509702300320981,31
NE,2022,8900734815,3934496852,3338245899,688611501,1926187791,1958521404,5733987601,2653533361,2229175362,1000132712,1481731354,520480005,1688744213,3407919145,2479001409,14634722416,6588030213,5567421261,0.3918070625467475,0.6081929374532524,0.4501643437935912,0.3804254773505777,0.11539297876628753,0.23286530814374415,0.16939176149249896,0.35674722054803343,31
NE,2023,7978296473,3713833211,2938419831,669487151,1705918997,1457684978,5921596927,2598552526,2077279480,727302535,1466127216,730641802,1396789686,3172046213,2188326780,13899893400,6312385737,5015699311,0.4260174345653615,0.5739825654346385,0.454131953055122,0.36084444438976776,0.10048923727717221,0.22820651365570904,0.15743478867255198,0.3318740186741288,31
NE,2024,8185511860,3713988927,3152787166,652684141,1657164623,1733030969,6014208134,2516011625,2013499364,753121045,1441425948,847449500,1405805186,3098590571,2580480469,14199719994,6230000552,5166286530,0.42354413583797884,0.5764558641620212,0.4387410846574754,0.36383016934016876,0.09900231741147106,0.2182149065128953,0.18172756012726768,0.3389677973955688,31
NE,2025,7787929892,3346591549,2769594626,301375776,1528337463,1909350018,7965177678,2202487047,1801137533,693351286,1135831265,597936583,994727062,2664168728,2507286601,15753107570,5549078596,4570732159,0.5056258038362396,0.4943741961637605,0.3522529489081626,0.2901479685001605,0.0631448149249196,0.16912020159588106,0.15916139655992967,0.26011377381840606,31
NH,2018,5305758985,748808013,547007773,367626494,668517782,420075942,12484501510,6370102490,1737411301,1065344235,5646267938,390514301,1432970729,6314785720,810590243,17790260495,7118910503,2284419074,0.701760466830084,0.2982395331699161,0.4001577438959249,0.12840841058184854,0.08054804646636514,0.35495746235839476,0.04556370848126808,0.3208607489701628,33
NH,2019,5827474375,800502133,509237540,293921011,859156119,408571132,10505840205,4470837361,1955143530,938309543,3624956418,353164623,1232230554,4484112537,761735755,16333314580,5271339494,2464381070,0.643215444944917,0.356784555055083,0.322735441614203,0.15088064690908562,0.07544277360021312,0.2745378174795431,0.046636936506000974,0.2681476259915395,33
NH,2020,5463428451,723722225,517375927,334532602,667070281,342351356,6915347838,1943614781,1508222679,700101018,1393221990,282624910,1034633620,2060292271,624976266,12378776289,2667337006,2025598606,0.5586455136235963,0.44135448637640373,0.21547663062383984,0.16363480191495042,0.08358125196263493,0.16643747515098178,0.050487726040849855,0.21373637267773388,33
NH,2021,6373571464,612401763,456678173,396082267,908867155,399749045,8100209506,2061413134,1562456191,657918451,1906101275,352368145,1054000718,2814968430,752117190,14473780970,2673814897,2019134364,0.5596470972435892,0.44035290275641087,0.18473506698367564,0.139502896180693,0.07282138096359489,0.1944874277035574,0.05196411300951171,0.22069230539143633,33
NH,2022,7346994207,630950360,451955573,371974081,1140003436,552480399,9561264541,2808602591,1847919718,621317012,2330014553,430277442,993291093,3470017989,982757841,16908258748,3439552951,2299875291,0.565478958152977,0.43452104184702295,0.20342443312838757,0.13602082421834488,0.05874591274027503,0.20522621759679732,0.05812294782372229,0.2167554119925868,33
NH,2023,7618780548,549645469,478608359,349964199,1441366297,698628171,9605903437,2451361056,1794031613,494120780,2016583148,483433521,844084979,3457949445,1182061692,17224683985,3001006525,2272639972,0.5576824193329315,0.4423175806670685,0.1742270875688289,0.13194088053975986,0.04900438113901339,0.20075546512268858,0.06862603070276299,0.21063327863428433,33
NH,2024,7136784293,532691122,480349626,368927876,1173082333,614960575,10203224470,2403799934,1850569425,533501028,1948290945,593947568,902428904,3121373278,1208908143,17340008763,2936491056,2330919051,0.5884209523452822,0.4115790476547177,0.16934772618257643,0.13442432947171862,0.05204316308799088,0.18000990199384248,0.06971785075331452,0.20187981473628508,33
NH,2025,7183302627,645175795,558069606,330565285,851559439,611742964,10124826598,2386504626,1802827645,439832694,1946532561,643881510,770397979,2798092000,1255624474,17308129225,3031680421,2360897251,0.5849752140384773,0.41502478596152265,0.17515933591603977,0.13640395332789065,0.044510759596550216,0.16166345672751353,0.07254536048797036,0.18503604992584055,33
NJ,2018,35305357901,10983329960,8336458310,1572737169,7060275941,2953951173,127772214652,78891856929,51693778812,18713044024,8425655506,4400190867,20285781193,15485931447,7354142040,163077572553,89875186889,60030237122,0.7835057430136458,0.21649425698635416,0.5511192341288419,0.368108478573841,0.12439344586397463,0.09496052218932247,0.04509597441800229,0.2084273438283695,34
NJ,2019,35699273859,11140322223,8747603501,1833736736,7185172999,2860797780,126098423290,75263893729,50253642864,16795018180,8578136881,4756849476,18628754916,15763309880,7617647256,161797697149,86404215952,59001246365,0.7793585787186796,0.2206414212813204,0.5340262406357372,0.3646606064526714,0.11513609429709448,0.09742604596827802,0.04708130826475784,0.201840506836916,34
NJ,2020,38004588945,10184229239,7992161010,3220434292,7247750438,2824023173,114848331914,67044107682,49884945714,14271359619,6934399687,5216213582,17491793911,14182150125,8040236755,152852920859,77228336921,57877106724,0.7513649805877276,0.2486350194122724,0.5052460658716472,0.3786457360365985,0.11443545738413072,0.09278298409542596,0.05260113257774616,0.20166592738803396,34
NJ,2021,49361744236,12885172270,10317210330,4143811294,9942905236,3235387855,156692554846,94180436124,60709532601,16665559015,8557350512,6933954639,20809370309,18500255748,10169342494,206054299082,107065608394,71026742931,0.7604430266395154,0.2395569733604846,0.5195990031316594,0.34469915574406274,0.10098974106198504,0.08978340093082825,0.04935273148536967,0.1844714205117038,34
NJ,2022,46161976339,12858515485,9466769399,3140107244,10102045549,3393035829,162859719175,109733120250,66704846084,17094724898,9607756678,7893826404,20234832142,19709802227,11286862233,209021695514,122591635735,76171615483,0.7791522252009092,0.2208477747990908,0.5865019678150538,0.3644196612973036,0.09680732946042292,0.0942954853491745,0.05399852013086374,0.18578373274844584,34
NJ,2023,43181297935,12721948840,9640297776,2279774699,8791953173,3262471640,144493595489,97841603590,59326345991,13656920248,8912096685,7587971200,15936694947,17704049858,10850442840,187674893424,110563552430,68966643767,0.769914360161944,0.23008563983805597,0.5891227665717222,0.3674793282614993,0.08491649925168948,0.09433360816144198,0.057815100581868444,0.17620572449767574,34
NJ,2024,43108791502,13623743700,10096142428,2166465945,8669900288,3543089857,153110778058,107010134173,67180654276,14259305452,10136334805,7020334365,16425771397,18806235093,10563424222,196219569560,120633877873,77276796704,0.780303302067849,0.21969669793215094,0.6147902482076977,0.39382818379066065,0.08371117842034267,0.09584281086321225,0.053834713049708924,0.17351769276809537,34
NJ,2025,44175612311,13605134521,10366657101,1990444095,7339689592,3379320964,147667650658,97380393640,63594874477,10285267691,8302095092,7112044344,12275711786,15641784684,10491365308,191843262969,110985528161,73961531578,0.769730708145126,0.230269291854874,0.5785218956525681,0.385531034206562,0.06398823495815767,0.08153418807585419,0.05468717090000342,0.14572105034367225,34
NM,2018,3899206334,554550256,310488804,1256727089,119749918,1510320972,2558561309,539771025,446182933,664903065,318458326,757811992,1921630154,438208244,2268132964,6457767643,1094321281,756671737,0.39619903509123516,0.6038009649087648,0.1694581380899028,0.11717233862079357,0.2975687978001162,0.0678575427647978,0.35122554563550745,0.5490186508402993,35
NM,2019,4678985826,790187408,291044791,802790575,127506499,2388037280,4388205144,1102385466,1050358080,1480435488,493482703,1328306641,2283226063,620989202,3716343921,9067190970,1892572874,1341402871,0.483965227876964,0.5160347721230361,0.2087275850108184,0.1479402910381185,0.25181184233952447,0.06848749563725137,0.40986717201567885,0.5388246429312826,35
NM,2020,3687994816,312795501,234131750,484048812,135205368,2197761738,4546640259,1013983866,959274783,1492107548,231426659,1340440171,1976156360,366632027,3538201909,8234635075,1326779367,1193406533,0.5521362170381302,0.44786378296186974,0.16112181716807894,0.144925248311626,0.23998104858338243,0.044523166316510994,0.42967318852317204,0.5244988614871922,35
NM,2021,5472078463,317899066,245129901,1466710621,157684184,2482316081,6010312487,976519770,938175461,1960696491,444418877,2161988284,3427407112,602103061,4644304365,11482390950,1294418836,1183305362,0.5234373671103753,0.4765626328896248,0.11273077546623685,0.10305391683253913,0.2984924591859503,0.052437080710964645,0.40447188962852726,0.5726378413896455,35
NM,2022,4812839844,413882529,326768086,227168805,201736323,3164795455,6071891457,1175541268,1121189289,1971054805,473394958,2227030662,2198223610,675131281,5391826117,10884731301,1589423797,1447957375,0.5578356772520572,0.4421643227479429,0.14602324605422062,0.13302646936879126,0.2019547887046183,0.0620255348827926,0.4953568414228694,0.5363842144880155,35
NM,2023,4948072026,301665033,227131927,261859184,187807522,3460676550,5938966376,1443625758,1387485797,1587840933,567745006,2396615476,1849700117,755552528,5857292026,10887038402,1745290791,1614617724,0.5455079845138586,0.4544920154861414,0.1603090506853895,0.14830642314106168,0.16989929204807447,0.06939927095886807,0.538006003994988,0.5343424570203881,35
NM,2024,11998058852,357186887,277404650,1968657033,184317709,6943405846,9126980513,1354995150,1269826210,1915888314,850794647,2266853158,3884545347,1035112356,9210259004,21125039365,1712182037,1547230860,0.4320456097289739,0.5679543902710261,0.08104988622349012,0.07324156103412781,0.1838834607539677,0.04899931016057541,0.4359877794717662,0.47487571453337263,35
NM,2025,15294457743,419788918,382011770,3092853196,185077224,7148309615,12230665881,1480116580,1335025730,1839117492,582847477,2515648844,4931970688,767924701,9663958459,27525123624,1899905498,1717037500,0.4443455385731931,0.555654461426807,0.06902441289467685,0.06238073708424192,0.17918069162456599,0.02789904639448823,0.3510959148090328,0.40657766834667863,35
NV,2018,11137841873,1670308682,1089726445,917425896,1187752748,630653208,11769359827,4930226401,4823929447,3953681305,926909197,728495926,4871107201,2114661945,1359149134,22907201700,6600535083,5913655892,0.5137842666745279,0.4862157333254721,0.2881423566895122,0.25815706210855077,0.21264523117199427,0.09231428494384802,0.0593328312990757,0.3036335009177485,32
NV,2019,9100930688,1455388736,1088111238,519634924,1165079068,820170912,10938517372,5122057745,5003712112,3181284399,1000066467,932120198,3700919323,2165145535,1752291110,20039448060,6577446481,6091823350,0.545849233933442,0.454150766066558,0.3282249322090361,0.30399157360824036,0.1846816994120346,0.10804417010475288,0.0874420844702646,0.3019734521570451,32
NV,2020,10359007369,1663572718,1265196284,1423670604,1255259881,1652454104,12879447867,5000343962,4916147121,4115711344,1036388917,861191896,5539381948,2291648798,2513646000,23238455236,6663916680,6181343405,0.5542299492888719,0.4457700507111281,0.28676246386965304,0.26599631267331975,0.23837135006369234,0.09861450663251824,0.10816751692281032,0.36244056419688947,32
NV,2021,10543678326,1553258796,1018490128,1242601135,1521189848,1640555126,16147197048,6691907176,6551607846,4771047132,1418988095,1187090332,6013648267,2940177943,2827645458,26690875374,8245165972,7570097974,0.6049706808690598,0.39502931913094025,0.3089132842766088,0.2836211951809625,0.22530727009643112,0.11015666971582631,0.10594052905265347,0.354965589357519,32
NV,2022,10112990697,1600320857,1063800110,943627368,1894453921,1212390501,19016231147,8343714818,8195820433,5005150567,1791058530,1443000426,5948777935,3685512451,2655390927,29129221844,9944035675,9259620543,0.6528231769746687,0.3471768230253312,0.3413766329994929,0.31788080686087,0.20422028322137695,0.12652285978449979,0.09115900662299889,0.33482940306587616,32
NV,2023,9535985783,1467604144,1107932419,786905385,1936568669,853336507,18964016644,8898629640,8733428522,4157046747,1524563628,1379242841,4943952132,3461132297,2232579348,28500002427,10366233784,9841360941,0.665404036107523,0.33459596389247703,0.3637274702187168,0.34531088080457867,0.1734719898590695,0.12144322814937843,0.07833611080274594,0.29333959323034414,32
NV,2024,10383374914,1888602044,1307030127,888973105,1810016908,897175996,18812564361,8270511269,8060385493,4924886390,1471129250,1570579191,5813859495,3281146158,2467755187,29195939275,10159113313,9367415620,0.644355510668872,0.3556444893311281,0.34796322931453283,0.3208465236129999,0.1991324697670649,0.11238364784549307,0.08452391833521512,0.3172770094754898,32
NV,2025,12674088241,1914681717,1492770424,520871729,1631135736,1672276915,36157302991,7673584595,7406450376,3927644069,1199902096,1597355192,4448515798,2831037832,3269632107,48831391232,9588266312,8899220800,0.7404520346187788,0.2595479653812211,0.1963545594358707,0.1822438512496895,0.09109950967534211,0.05797577665869932,0.06695758659559463,0.16605952762791848,32
NY,2018,84734160443,12531588577,10269196444,3441065265,16809126821,3516358628,137005438855,43994269400,40365555850,23618788935,17032606610,3557271450,27059854200,33841733431,7073630078,221739599298,56525857977,50634752294,0.6178663589577242,0.38213364104227576,0.25491999695117085,0.22835232161645158,0.12203437854883897,0.1526192594292527,0.03190061721223558,0.2327463045337319,36
NY,2019,75607018817,11481664732,9816993879,2851848963,16489439644,3135929390,132701792080,42258776065,39157126853,21479285995,16807714164,3608173685,24331134958,33297153808,6744103075,208308810897,53740440797,48974120732,0.6370435869158482,0.36295641308415183,0.25798448258423595,0.23510345299899799,0.11680319643335071,0.15984515328285395,0.03237550560611993,0.23213559176673504,36
NY,2020,65651044811,9813999989,8607875164,2719137068,17493081934,2250844221,154419928821,40799643377,38653081580,19448952477,15208677666,3371738720,22168089545,32701759600,5622582941,220070973632,50613643366,47260956744,0.701682399420921,0.29831760057907897,0.2299878195233303,0.21475324966312548,0.10073154664217195,0.14859642350964233,0.025548952904629826,0.20521877249073525,36
NY,2021,90233994796,10923388227,9592532615,3615799316,21750892748,2949405007,155531515720,52497176994,49557900110,22511275431,17940312456,2672721197,26127074747,39691205204,5622126204,245765510516,63420565221,59150432725,0.6328451677106844,0.36715483228931556,0.25805315435776394,0.24067833033532648,0.10630895560627925,0.16150030620922293,0.022875977154792778,0.21693472562468868,36
NY,2022,109195917753,12107528169,10173758537,3398807957,22749737669,3216823881,181961873100,63441925243,58294663322,23871677079,22873630724,3326393000,27270485036,45623368393,6543216881,291157790853,75549453412,68468421859,0.6249596569849957,0.3750403430150043,0.2594794155796555,0.23515916114904306,0.0936622199121175,0.156696368176644,0.022473095642848676,0.2011638982038131,36
NY,2023,100026346803,11492194778,9746381407,3836475942,21748206937,3481033407,157229936656,52347036316,47616621541,18888948982,22526033297,3457156277,22725424924,44274240234,6938189684,257256283459,63839231094,57363002948,0.6111801606628527,0.38881983933714725,0.24815421507157986,0.2229799878032607,0.08833768652193813,0.1721016864532919,0.026969952262043653,0.20778066975113946,36
NY,2024,94036485726,10775434192,9228068805,2957760291,20334407387,3745839288,159811883916,52795033133,48593587387,18609883899,20532927101,3526570925,21567644190,40867334488,7272410213,253848369642,63570467325,57821656192,0.6295564716109118,0.3704435283890883,0.25042692775475706,0.22778029369873576,0.08496270517875158,0.16099112452695608,0.028648638646985258,0.19874656308311636,36
NY,2025,153085103498,10615606067,9147639719,2450767416,16487182279,3714209737,213827126259,51080278661,47683169512,13155045123,21414117207,4351630743,15605812539,37901299486,8065840480,366912229757,61695884728,56830809231,0.5827745954410247,0.4172254045589752,0.16814889154515286,0.15488938395059254,0.04253282194855014,0.10329799993611936,0.021983024347108502,0.11770143651848686,36
OH,2018,54392827559,13729652863,10045502814,3635599309,21175243492,6867418861,70004146091,30738683747,26657210393,12907801391,12241516459,9061776386,16543400700,33416759951,15929195247,124396973650,44468336610,36702713207,0.5627479836282978,0.43725201637170213,0.3574712093488297,0.29504506524624763,0.1329887714675927,0.26863000739085907,0.12805130848132976,0.37099756099090603,39
OH,2019,53224595333,13082379188,9307304976,3240179815,20702226459,6882879525,68810658364,29351266591,25787377465,10923208139,11947661224,8764484427,14163387954,32649887683,15647363952,122035253697,42433645779,35094682441,0.5638588545474673,0.43614114545253263,0.34771629093637185,0.2875782315177236,0.11605980669459762,0.2675447192011093,0.1282200305073374,0.35351865651966563,39
OH,2020,45245836024,12193415951,8672277670,3623901470,17503600711,5132496625,65377328027,27733017855,24573249899,10156741964,10601250485,8167773273,13780643434,28104851196,13300269898,110623164051,39926433806,33245527569,0.5909913044691023,0.40900869553089764,0.3609229056908274,0.30052953062952525,0.1245728555336456,0.25405936846140986,0.12023042381854354,0.34914673090161763,39
OH,2021,50840576904,13918289680,10021311375,3747244403,18420180439,6335343168,75960695730,33376653743,28283165900,11401236835,14387780926,9743395617,15148481238,32807961365,16078738785,126801272634,47294943423,38304477275,0.599053102166044,0.400946897833956,0.37298476932098645,0.30208275105851884,0.11946631862067089,0.25873526884621345,0.1268026609749397,0.3507890765133628,39
OH,2022,56835589566,13861313324,9440088464,2916883863,20230293576,7269854936,83403574536,36041122997,31061660279,11496410678,17059860532,11428638185,14413294541,37290154108,18698493121,140239164102,49902436321,40501748743,0.5947238424448834,0.4052761575551166,0.35583809016933754,0.2888048356701692,0.10277652917637753,0.2659039958401192,0.1333328905711392,0.3423186610231326,39
OH,2023,56112778852,12206886901,9350316790,2767227345,21833841385,8264112236,79592405627,33210421550,28991438276,9386338849,17863476541,11318786639,12153566194,39697317926,19582898875,135705184479,45417308451,38341755066,0.5865096896081866,0.41349031039181333,0.3346762957168243,0.28253714265377444,0.08955859896333386,0.2925261704510858,0.14430472166691907,0.3516571342341368,39
OH,2024,57364668019,11883457271,9299842923,2989754210,20772265945,9551621270,86820742345,36746344385,32600449010,10231330001,18985401189,11508973739,13221084211,39757667134,21060595009,144185410364,48629801656,41900291933,0.6021465148645668,0.3978534851354331,0.3372726930778415,0.29060008101528145,0.09169502085975975,0.2757398757171803,0.14606606144014123,0.34477858315415266,39
OH,2025,55874943558,11555017851,8643643293,3040178752,17505823540,8632989988,87147447165,35522084147,32642749680,8066277670,16272435003,12396957379,11106456422,33778258543,21029947367,143022390723,47077101998,41286392973,0.609327299903577,0.3906727000964229,0.32915896427138486,0.2886708351349113,0.07765536826685086,0.23617461833944847,0.1470395457710531,0.3075838667331518,39
OK,2018,6112324876,1502658540,1313163966,202970210,1650970378,783409883,11228613043,3907693201,3551564131,2757168236,4309764024,787552559,2960138446,5960734402,1570962442,17340937919,5410351741,4864728097,0.6475205144871149,0.3524794855128851,0.3119987953518952,0.2805343124877835,0.17070232647316358,0.343737716485853,0.09059270319391079,0.43130057828102186,40
OK,2019,6150976696,1471510858,1300288550,212013001,1582507518,821086006,11817433891,3980627010,3662945506,2645278303,4909830760,694602054,2857291304,6492338278,1515688060,17968410587,5452137868,4963234056,0.6576783090403009,0.3423216909596991,0.3034290563209067,0.27621998239459533,0.15901747626288254,0.36131956394057213,0.08435292886153148,0.42642097194414474,40
OK,2020,5399656088,1502778857,1354122187,230699886,1460809212,505422130,10800614440,3337641881,3058548139,2335331313,4350561172,746181972,2566031199,5811370384,1251604102,16200270528,4840420738,4412670326,0.6666934617747637,0.33330653822523626,0.29878641406845524,0.27238250857436547,0.15839434252440157,0.35872057654567086,0.07725822231405147,0.41998162184023496,40
OK,2021,6243633049,1540443129,1360376002,220774187,1603583137,743688646,16217866292,4233288823,3929888273,2807290324,8424910830,1085756891,3028064511,10028493967,1829445537,22461499341,5773731952,5290264275,0.722029551357544,0.277970448642456,0.2570501578877659,0.23552587450577883,0.13481132603969742,0.4464748240868557,0.08144805959861413,0.4515650562509793,40
OK,2022,6805767211,1739970444,1510126356,400714301,1972625222,795479031,18805771044,5004247758,4440705338,3094280269,9485041514,1231738291,3494994570,11457666736,2027217322,25611538255,6744218202,5950831694,0.7342694865400617,0.2657305134599382,0.26332733843830575,0.2323496400236035,0.13646172030755285,0.4473634743029612,0.07915250157238164,0.4523713058327585,40
OK,2023,6494704202,1289647261,1079619766,218149718,1867599218,629122888,17739774299,4365705914,3921318265,2493065183,9013101029,1129219957,2711214901,10880700247,1758342845,24234478501,5655353175,5000938031,0.7320056133358923,0.26799438666410774,0.23335980490632965,0.20635632950771537,0.11187428278632551,0.4489760423997167,0.0725554232548245,0.4247931621790502,40
OK,2024,7796689319,1451660226,1207832050,214529718,1909418161,606542880,17922018963,4593623653,4098382588,2621817061,8957353256,1099610907,2836346779,10866771417,1706153787,25718708282,6045283879,5306214638,0.696847554180754,0.30315244581924605,0.23505394643909744,0.2063173072231513,0.11028340723414563,0.4225239968449517,0.06633901548601888,0.40360121463272797,40
OK,2025,7506463451,1406945177,1238294771,139074478,1653254120,560253401,17074312016,4579113024,4154621381,2333471967,7841063353,1157837321,2472546445,9494317473,1718090722,24580775467,5986058201,5392916152,0.6946205598323161,0.3053794401676839,0.24352601117228212,0.21939568827842953,0.1005886266004677,0.3862497131445768,0.06989570871376936,0.3742758797154754,40
OR,2018,22331605873,5640258337,2259989052,4741286105,3211588811,463856494,20006608864,8239543574,4795873883,3314100647,3048480859,856181482,8055386752,6260069670,1320037976,42338214737,13879801911,7055862935,0.4725425714872178,0.5274574285127822,0.3278315346364908,0.16665471085236325,0.1902627874613777,0.14785861210461554,0.031178404290306532,0.2976849972983309,41
OR,2019,25879518752,4700208411,2502400306,7188173927,3359806948,529899215,18648275931,8494454778,5276232280,2083128563,3236571618,958579752,9271302490,6596378566,1488478967,44527794683,13194663189,7778632586,0.41880079765368694,0.5811992023463131,0.2963242011632234,0.17469161995057791,0.20821382590365822,0.14814069757913234,0.033428086380578766,0.3171550962794849,41
OR,2020,26587799493,4595359089,2100726024,9552580235,2756559651,435287752,17242473415,7178982186,4822893610,1984665413,2879299721,881763531,11537245648,5635859372,1317051283,43830272908,11774341275,6923619634,0.39339187896895034,0.6066081210310497,0.2686349067393309,0.15796432863953913,0.26322550334598066,0.12858371618697656,0.030048895332331113,0.35840507025756524,41
OR,2021,30011624157,5537470382,2338375528,10612272786,3387757558,561694491,22465100890,8323010064,5649261081,2456546892,4293155718,1106425697,13068819678,7680913276,1668120188,52476725047,13860480446,7987636609,0.4280964726720173,0.5719035273279828,0.2641262470854663,0.15221294015291525,0.2490403062747362,0.14636799970121428,0.03178781043416815,0.3559337923559657,41
OR,2022,34338362639,6392202011,2363326473,8449769345,3442820385,5226636292,28863821995,11172104327,6019943689,2916057229,5527976768,910768544,11365826574,8970797153,6137404836,63202184634,17564306338,8383270162,0.4566902578154321,0.543309742184568,0.277906633128488,0.13264209474003164,0.17983281178995328,0.14193808655427562,0.0971074792990359,0.3232601513019402,41
OR,2023,27680150579,4264134282,2069445022,4031803663,3491028877,6566345871,19377817118,7043589645,4897121951,2103627280,4109377246,856290665,6135430943,7600406123,7422636536,47057967697,11307723927,6966566973,0.4117861026802345,0.5882138973197655,0.240293503531834,0.14804224053738996,0.13038027869170263,0.16151156743397854,0.15773389500782037,0.321927556156782,41
OR,2024,33860466050,4741167579,2071326198,5829007399,3342925679,6257444531,28208486894,10223943385,6044873723,2679513554,3824701184,827753168,8508520953,7167626863,7085197699,62068952944,14965110964,8116199921,0.45447015868707064,0.5455298413129294,0.24110461437140496,0.1307610252153378,0.13708175423349864,0.11547845618512034,0.11415043049610366,0.27485908624223304,41
OR,2025,27987944048,4460601558,2042596067,5441565956,2288238176,4457502125,30746013405,10898998259,5778503054,1458351851,3498415074,822475470,6899917807,5786653250,5279977595,58733957453,15359599817,7821099121,0.5234793420757239,0.4765206579242761,0.26151140640048026,0.1331614531041704,0.11747748842773692,0.09852312871358254,0.08989650662012919,0.23052926962796397,41
PA,2018,41150196360,15314136114,8967483337,2573838686,10850454567,4210614857,88409149565,43392295524,27401129459,15370427514,11733921357,6377296613,17944266200,22584375924,10587911470,129559345925,58706431638,36368612796,0.6823834199979579,0.317616580002042,0.45312386550626993,0.2807100679332949,0.13850229076015613,0.17431684115689935,0.08172248319414321,0.29212588537078166,42
PA,2019,42730654765,15751729573,8866431777,2542377423,11219158759,4240851683,89720879815,39833068164,28200611443,12232525308,10918935986,7064288673,14774902731,22138094745,11305140356,132451534580,55584797737,37067043220,0.6773864878161082,0.32261351218389184,0.41966140983762695,0.27985363353877724,0.11154950207146176,0.16714109666754154,0.0853530341633887,0.26304598057001993,42
PA,2020,37457675507,12412912410,7798925593,2795496519,9728538282,3806783017,84580253283,34064866635,27282270856,13409616596,9916219996,5783005699,16205113115,19644758278,9589788716,122037928790,46477779045,35081196449,0.69306529635179,0.30693470364820996,0.3808469998288636,0.2874614211895295,0.13278751348595386,0.1609725637986223,0.0785803955465508,0.27651928909305773,42
PA,2021,44785712058,14263591814,8479282372,3245720659,12155551411,4853085278,97962547640,41277926629,31147337308,16778438675,12959801758,6408456040,20024159334,25115353169,11261541318,142748259698,55541518443,39626619680,0.6862608892553281,0.31373911074467187,0.3890871843937315,0.2775979179279283,0.1402760312200188,0.17594157170206035,0.07889091847301717,0.2931755253250653,42
PA,2022,49824855854,15175365488,8248247716,2837731653,13812919280,5245098130,110556883603,48928636885,36148647263,19858608881,14193986976,6790161815,22696340534,28006906256,12035259945,160381739457,64104002373,44396894979,0.6893358556735285,0.3106641443264715,0.39969639056188777,0.27682013631547664,0.14151449292695273,0.174626527626039,0.07504133566419373,0.29131521090109236,42
PA,2023,52939365610,16653079729,9423525231,3000096384,14414653082,5376385515,112947882020,50074294270,37655567376,17917182412,13615605118,6622665725,20917278796,28030258200,11999051240,165887247630,66727373999,47079092607,0.6808713968895452,0.31912860311045477,0.4022453500936418,0.28380175860176216,0.12609335012088776,0.1689717479822171,0.07233257174031274,0.2708759419544057,42
PA,2024,53474303795,17251588852,10299612082,3449823142,14835658933,5140101985,127257337696,55312808911,41481868342,16550309372,14237768915,6679862115,20000132514,29073427848,11819964100,180731641491,72564397763,51781480424,0.704123177580596,0.29587682241940405,0.4015035616583692,0.28651031992413234,0.11066204206968351,0.16086517893684812,0.06540063489983078,0.24642153037169084,42
PA,2025,52220767286,17270421332,10980129628,2678786115,13873392910,4902846069,136029356669,54896491383,44018738328,9998238220,13389544810,6245155717,12677024335,27262937720,11148001786,188250123955,72166912715,54998867956,0.7225990284156039,0.2774009715843961,0.38335652162572303,0.29215846874633206,0.06734138638883638,0.14482294697727283,0.059219093999985144,0.18976661097519118,42
RI,2018,2405361876,762016279,425377044,144379342,512565467,198932275,10514461783,8901080547,1508727963,966845128,623248018,2489954654,1111224470,1135813485,2688886929,12919823659,9663096826,1934105007,0.8138239391274961,0.1861760608725039,0.7479279192226937,0.14970057316940968,0.08600925982653924,0.08791246033832574,0.20812102393726642,0.26362935039189456,44
RI,2019,2675243933,777220095,488085729,156441222,591610513,187980083,11544101257,9805732026,1580100850,860213068,1120855261,2922629626,1016654290,1712465774,3110609709,14219345190,10582952121,2068186579,0.8118588516381604,0.18814114836183957,0.7442643792375646,0.14544879186521809,0.0714979681845673,0.12043211210628188,0.21875899821235018,0.2750126343757465,44
RI,2020,2357702205,673799504,463996397,124576123,410375527,171323971,8637602381,7033541689,2048429018,800718331,1011690796,1478775149,925294454,1422066323,1650099120,10995304586,7707341193,2512425415,0.785571906029598,0.214428093970402,0.7009665928503275,0.228499846943667,0.08415359908975605,0.12933396359121105,0.15007307047237445,0.25179781952790736,44
RI,2021,2950288850,760550799,469777474,148357304,459813516,165041866,9178732033,7437965237,2472720872,868822882,1231455652,1369137147,1017180186,1691269168,1534179013,12129020883,8198516036,2942498346,0.7567578720113248,0.24324212798867517,0.675942115615533,0.24259982519481,0.08386333866616363,0.13943987600602437,0.12648828193133882,0.24342023342858154,44
RI,2022,2889593891,763103026,443818371,143704776,468165034,149619881,10270882633,8535436243,2797922322,633977850,1215464457,1436938677,777682626,1683629491,1586558558,13160476524,9298539269,3241740693,0.7804339466180867,0.21956605338191323,0.706550348085253,0.24632396000921586,0.059092284734658745,0.12793073928057713,0.1205547956494345,0.20818360569266575,44
RI,2023,3008672245,754999391,414195191,93809292,488630297,220288088,10102754384,8449844789,2695207982,503649236,1444913456,1431229472,597458528,1933543753,1651517560,13111426629,9204844180,3109403173,0.7705305204282359,0.22946947957176414,0.7020474918908232,0.2371521620784261,0.04556777419465053,0.1474701272189074,0.1259601725068693,0.20962595403011655,44
RI,2024,3096093982,968770171,519546218,124577467,525881228,187710600,11144139127,9328316323,3152522737,552625569,1655890158,1657581708,677203036,2181771386,1845292308,14240233109,10297086494,3672068955,0.7825812289517065,0.21741877104829352,0.7230981694739335,0.2578657896182337,0.047555614491450945,0.1532117746458163,0.12958301271302594,0.21723248690675628,44
RI,2025,4195561706,855619163,524214694,133821398,591502048,227676311,11281368452,8775689490,3603239593,462024423,1470057780,1387250482,595845821,2061559828,1614926793,15476930158,9631308653,4127454287,0.728915123143376,0.27108487685662397,0.6223009701973483,0.26668430010757177,0.03849896684401643,0.13320211482212982,0.10434412874605155,0.18102671298492523,44
SC,2018,34626812992,17477519742,9001997195,5637098303,3979203696,2770361606,40077962350,26620478858,25047348898,7260533533,2959784278,3797818229,12897631836,6938987974,6568179835,74704775342,44097998600,34049346093,0.5364846111446325,0.4635153888553675,0.5902969174074677,0.4557854024340665,0.17264802386399497,0.09288546739125003,0.08792182032448043,0.28113239649343325,45
SC,2019,41461189662,19709953356,9647673918,6494598505,4009660589,2196692410,42224289830,28263549380,26872266880,6450306363,2813882944,4732129576,12944904868,6823543533,6928821986,83685479492,47973502736,36519940798,0.5045593343829317,0.4954406656170683,0.5732595789283382,0.4363951908943912,0.1546851968415558,0.08153796303040008,0.08279598836094819,0.2532855676763648,45
SC,2020,30293911104,18426093907,8833098072,3886954097,4010100495,1815717079,40012813175,27680443802,26487512946,5782883798,2454342127,4419018944,9669837895,6464442622,6234736023,70306724279,46106537709,35320611018,0.5691178700947027,0.43088212990529734,0.6557912942442636,0.5023788461233992,0.13753788125054628,0.09194629231120176,0.08867908563423514,0.2459131080178084,45
SC,2021,29622882571,19990604060,9575781256,4601218623,3852418305,2117785076,50051569473,35076666901,33171472221,7554815878,3192533465,5209643068,12156034501,7044951770,7327428144,79674452044,55067270961,42747253477,0.6282009877565164,0.37179901224348355,0.6911534318502655,0.5365239719928409,0.15257129718679285,0.08842171598631697,0.09196709805990819,0.26080458561452796,45
SC,2022,31487658961,19599094178,9347466582,3710355352,4428736005,2372814842,55434937722,38548566833,36145564213,8729234650,3589833633,5586487133,12439590002,8018569638,7959301975,86922596683,58147661011,45493030795,0.6377505946372833,0.3622494053627167,0.6689590880845406,0.5233740423207739,0.14311111812922736,0.09224954090181066,0.09156769676390318,0.25340146072865566,45
SC,2023,37322850593,20441778889,9542392801,3879910420,4557820384,3038411725,54081609073,37482791966,35647725978,8187534536,3469861429,5533466465,12067444956,8027681813,8571878190,91404459666,57924570855,45190118779,0.5916736368293078,0.40832636317069215,0.6337171191281205,0.49439730779142177,0.13202249649629255,0.08782593149539816,0.09377964949765474,0.24098584509212428,45
SC,2024,37965815450,21049112069,9938285720,3416773397,4300988857,3639812417,58052115455,40728337670,38985375881,9166392136,3456671313,5675656280,12583165533,7757660170,9315468697,96017930905,61777449739,48923661601,0.6045966092774555,0.39540339072254455,0.6433949279757186,0.5095263055543761,0.13105016338510528,0.08079386940419928,0.09701801121101757,0.23773729175423536,45
SC,2025,38532436966,19676167178,9599476539,1885683680,4004196886,4231411454,56230597611,39714301983,37462874516,7490940861,3605567296,5688099593,9376624541,7609764182,9919511047,94763034577,59390469161,47062351055,0.593381141306842,0.4066188586931579,0.6267261219114093,0.4966319542749482,0.09894812447548833,0.08030308670430623,0.10467700925026699,0.20993618204823228,45
SD,2018,1429640395,312393159,281992639,47820929,583056594,334079534,1111200415,389814547,379951547,219769150,422033883,78583965,267590079,1005090477,412663499,2540840810,702207706,661944186,0.437335708174492,0.5626642918255079,0.27636824126734644,0.26052170737921987,0.1053155624495814,0.3955739663202277,0.1624121815801597,0.44010725118981386,46
SD,2019,1356136095,302732276,271679759,75323128,524349934,315806637,1143507176,423812286,413550881,236097510,385531239,57432343,311420638,909881173,373238980,2499643271,726544562,685230640,0.45746814726188184,0.5425318527381182,0.29065929944049207,0.2741313722441157,0.12458603258032654,0.36400440957160884,0.14931689826712077,0.4325788172835643,46
SD,2020,1389331782,353173842,309846968,97768615,535447934,314246341,1260129796,474231586,420953341,228847185,427818199,76979093,326615800,963266133,391225434,2649461578,827405428,730800309,0.4756173127640653,0.5243826872359347,0.3122919142781394,0.27582974407640193,0.12327629232749719,0.36357052353525393,0.1476622409807975,0.43001595103712803,46
SD,2021,1858184962,403248002,334153610,129625853,726790957,425415506,1738455027,672183576,652075958,306293927,633919618,96081371,435919780,1360710575,521496877,3596639989,1075431578,986229568,0.48335530726369846,0.5166446927363015,0.29901007086867487,0.27420858662982517,0.12120194996808728,0.3783282672610022,0.1449955732558586,0.4351962542782038,46
SD,2022,2354049356,554331049,364139628,122717484,993451019,522142097,1866498056,667774397,646672122,360269233,715841488,77566205,482986717,1709292507,599708302,4220547412,1222105446,1010811750,0.4422407507360564,0.5577592492639436,0.289560885520506,0.2394977834216544,0.11443698408096452,0.4049930826840336,0.1420925400091205,0.442688357696857,46
SD,2023,2400929626,570208938,429963252,147342270,1067022996,508571550,1679620809,601937294,588384222,255131009,684265380,92207496,402473279,1751288376,600779046,4080550435,1172146232,1018347474,0.4116162355434776,0.5883837644565224,0.287251989816418,0.24956130066800658,0.09863210500913708,0.42917944622831256,0.14722990331082625,0.4444777147326204,46
SD,2024,2134374657,500946577,359385754,153489194,976076964,418590482,1675390056,660723063,621375048,243613745,639003551,101856316,397102939,1615080515,520446798,3809764713,1161669640,980760802,0.4397620803938608,0.5602379196061392,0.3049189982877559,0.25743343116528045,0.10423293009276187,0.42393182694167075,0.13660864573187095,0.4405572136968869,46
SD,2025,1850312604,413953997,338985904,110687418,846031417,366318457,1545372421,659300204,629269468,241363294,553648412,85734247,352050712,1399679829,452052704,3395685025,1073254201,968255372,0.45509887095608936,0.5449011290439106,0.3160641205230747,0.2851428695157025,0.10367590321484543,0.4121936571546414,0.13312562875292003,0.4308674747593823,46
TN,2018,32716892669,10572484253,9060316493,2503283779,7878090572,4865903378,85938498704,35937327479,27672298327,26557664662,5213965800,8284082772,29060948441,13092056372,13149986150,118655391373,46509811732,36732614820,0.7242696493566603,0.27573035064333973,0.3919738597110497,0.30957392154671615,0.24491890427165883,0.11033680156044805,0.11082502023580426,0.3776159973494102,47
TN,2019,31116030629,10310176964,8887646841,2097578832,7064693012,4194543448,86924017921,33896487407,25664502482,23273222121,6075452621,10261788944,25370800953,13140145633,14456332392,118040048550,44206664371,34552149323,0.7363942915033646,0.2636057084966355,0.3745056437542443,0.29271547875011444,0.21493384037582217,0.11131938519522068,0.12246972590727556,0.3552073070373199,47
TN,2020,28190977162,8896550290,8165293942,2616397486,5892512331,3328104941,83249044606,28943102839,23787943821,20040490026,5465834037,10373104829,22656887512,11358346368,13701209770,111440021768,37839653129,31953237763,0.7470300461652006,0.2529699538347994,0.3395517384928011,0.286730361822088,0.20331014973388964,0.10192340406794095,0.12294694089816036,0.33823235671355045,47
TN,2021,34762067074,9241791566,8578522095,2951687878,7461770464,4062254972,93741699795,32588152156,27158213449,22624136440,6905937104,11352950571,25575824318,14367707568,15415205543,128503766869,41829943722,35736735544,0.7294860071344264,0.2705139928655736,0.3255153116611944,0.27809873916327243,0.19902781794772323,0.11180767628895116,0.11995917254872887,0.3380879272503312,47
TN,2022,38373066840,10439394170,8737297787,3375403787,8776990284,4800019214,109407135125,36937311925,32458087637,26391489427,7491217845,11475311973,29766893214,16268208129,16275331187,147780201965,47376706095,41195385424,0.7403368899909325,0.25966311000906744,0.32058899274085856,0.2787611931519531,0.2014268001951299,0.1100838130729645,0.11013201342663356,0.3335562960948887,47
TN,2023,38439275368,10495172036,8837244711,3066446814,8910218395,6086944525,107047998106,39125338312,32202096058,20320873587,6750836127,14001149838,23387320401,15661054522,20088094363,145487273474,49620510348,41039340769,0.7357894305795106,0.26421056942048937,0.34106426743138923,0.28208199788921146,0.16075165780860923,0.1076455290420903,0.13807458125600203,0.30818372398746463,47
TN,2024,39406408252,10972473184,9220244791,3550172789,7999010356,6710334674,120488247914,39876016337,31627319110,20950692669,5963890231,14754465296,24500865458,13962900587,21464799970,159894656166,50848489521,40847563901,0.7535476844761534,0.2464523155238466,0.31801243856586386,0.25546547258335345,0.15323129643909802,0.08732562376883907,0.13424338551824772,0.2861727020113501,47
TN,2025,37735458014,9709750494,8191840247,2579519001,6402252380,6136385077,119627061555,34541279016,29074285813,13006449780,4866850535,12977662763,15585968781,11269102915,19114047840,157362519569,44251029510,37266126060,0.7602004713870012,0.2397995286129988,0.2812043784708016,0.23681703980126997,0.09904498748296856,0.07161236961548996,0.1214650597381857,0.21489144509517394,47
TX,2018,315843026112,161426962109,36295599246,16623800938,27543750110,110038609628,303665218805,129257979815,55978668433,44359248541,20191733305,106321217427,60983049479,47735483415,216359827055,619508244917,290684941924,92274267679,0.49017139206223836,0.5098286079377616,0.46921884302434935,0.14894760228955894,0.09843783352257134,0.0770538306901718,0.3492444674146141,0.3542168123854429,48
TX,2019,328584777309,170449128696,36149990417,10930083352,28530562762,108784909260,294181142663,120868483867,54330637450,33146097578,18883272128,103797208833,44076180930,47413834890,212582118093,622765919972,291317612563,90480627867,0.4723783579490454,0.5276216420509545,0.4677802738083321,0.14528834183968845,0.07077487626808752,0.07613427994282629,0.3413515596719837,0.3212663800369735,48
TX,2020,277376712695,137955647131,32438520033,17502124038,23359810515,89265326815,247248918254,98269935076,50390339115,28269844469,15125332810,88203102056,45771968507,38485143325,177468428871,524625630949,236225582207,82828859148,0.4712863872219686,0.5287136127780314,0.4502745734700179,0.15788183851820228,0.08724691629000794,0.07335734484680796,0.33827632201266217,0.33422711640569003,48
TX,2021,377986875866,200675124457,35048467029,21612633207,29049960105,124392820334,311668133390,127762058427,62381028145,34635514064,21234957396,107651996594,56248147271,50284917501,232044816928,689655009256,328437182884,97429495174,0.45191890032993115,0.5480810996700689,0.4762340278486748,0.14127280142444984,0.08155983283827738,0.07291314762615497,0.3364650641461011,0.32718675990163104,48
TX,2022,491090033596,296194542350,40354138722,22114707762,38414718442,147259671124,382765602165,152912120888,77172978706,38440374528,32903189647,140067968801,60555082290,71317908089,287327639925,873855635761,449106663238,117527117428,0.438019263710152,0.561980736289848,0.5139369077214843,0.1344926010869646,0.06929643731972435,0.08161291770681615,0.32880447086065856,0.3155468704602092,48
TX,2023,449382761930,264348363909,38039730535,26607108824,36071754336,130165216978,381597679604,148832887178,77957038834,32694554066,36941492389,141946858171,59301662890,73013246725,272112075149,830980441534,413181251087,115996769369,0.4592137919631009,0.5407862080368991,0.4972213910645868,0.1395902521542728,0.07136348814724015,0.08786397738822427,0.32745906106607975,0.32055731121982256,48
TX,2024,454408411812,267560897235,39192880952,22486036474,37516055960,123663281653,396885126667,144013985635,82577878374,35816614413,38542135307,157497825330,58302650887,76058191267,281161106983,851293538479,411574882870,121770759326,0.4662141890282778,0.5337858109717222,0.4834699950916553,0.1430420340597991,0.06848712958772003,0.08934426003384523,0.33027515689282516,0.32025877974372224,48
TX,2025,450273459244,255861920864,39329773200,14768298839,34630951728,125154349356,411561203509,123160633810,80060893612,27707462906,34361547681,177390067421,42475761745,68992499409,302544416777,861834662753,379022554674,119390666812,0.4775407874572255,0.5224592125427745,0.4397856933060339,0.13853082496197663,0.049285278929623956,0.08005305703139617,0.3510469349313101,0.3079452741072477,48
UT,2018,14390033926,2436226982,2106340611,575915165,1790729503,725477024,15119818554,4090399454,3916482031,2720182761,1918568249,3605439901,3296097926,3709297752,4330916925,29509852480,6526626436,6022822642,0.512365101257192,0.48763489874280797,0.2211677079857771,0.20409531515218202,0.1116948289807242,0.1256969262897515,0.146761727390377,0.2751700211888013,49
UT,2019,17367499159,2602978116,2264965432,581126405,1391301785,766246380,15245157198,4349389235,4124815643,2520277591,2092778454,4652177230,3101403996,3484080239,5418423610,32612656357,6952367351,6389781075,0.4674613754585425,0.5325386245414575,0.21318003890559314,0.19592948838797958,0.0950981717665054,0.10683215132373523,0.1661448104897161,0.2588843488545762,49
UT,2020,17688504684,2612917450,2416136813,742402414,1508391333,944960014,15488502835,4754014434,4631012330,2932891956,2176330492,4294671786,3675294370,3684721825,5239631800,33177007519,7366931884,7047149143,0.4668444803567638,0.5331555196432363,0.22204931773250083,0.21241063224174747,0.1107783566041998,0.11106251288305048,0.15792960823845664,0.2721736292771041,49
UT,2021,18105495416,2669687450,2366383952,962461823,1524186649,1142907663,18124702328,5516587237,5360007782,3356745735,2806909495,4922671683,4319207558,4331096144,6065579346,36230197744,8186274687,7726391734,0.5002650677224524,0.49973493227754767,0.2259516976651255,0.21325833738457997,0.11921567716851046,0.11954381741450094,0.16741778195247378,0.2913926367886953,49
UT,2022,16590297692,2780521085,2281470195,1057619512,1700466882,1081327271,19097218657,5856983388,5683899006,3260011637,3003999027,4577551864,4317631149,4704465909,5658879135,35687516349,8637504473,7965369201,0.5351232198464583,0.4648767801535417,0.24203153810231548,0.22319763367963255,0.1209843550550411,0.13182385299647853,0.15856746879384806,0.29521914812923705,49
UT,2023,17362904218,2706561955,2222783224,1220305714,1708962263,1350540141,18580936091,5525163942,5337007094,2696437803,3077390908,4851503277,3916743517,4786353171,6202043418,35943840309,8231725897,7559790318,0.5169435411259466,0.48305645887405335,0.22901631618196494,0.21032227644598953,0.10896842082895868,0.13316198630566312,0.1725481574779606,0.2923945070991329,49
UT,2024,18237862823,2868144703,2394716968,1143443843,1486002234,1093217036,21899600126,5769573392,5574609449,2661238364,4740218087,4782541814,3804682207,6226220321,5875758850,40137462949,8637718095,7969326417,0.5456149571243794,0.45438504287562065,0.21520339005919165,0.1985508258737253,0.09479129789130808,0.15512241839777574,0.1463908881701351,0.27569928183205455,49
UT,2025,22390620652,2542852872,2242202633,921777963,1512971318,1954784072,28642346795,5682456737,5485436762,2393838477,5728691829,4492532956,3315616440,7241663147,6447317028,51032967447,8225309609,7727639395,0.5612518383287499,0.43874816167125014,0.1611763928394395,0.15142445720064185,0.06497008905945778,0.14190166688858116,0.12633631455383865,0.22591287792490966,49
VA,2018,18336444825,9285438175,6497313992,1212948303,3166019459,1110195672,29343357921,19885315466,18453141900,7676428348,2235025731,1431967202,8889376651,5401045190,2542162874,47679802746,29170753641,24950455892,0.615425321227062,0.38457467877293805,0.6118052500426341,0.5232919277144695,0.1864390399925838,0.11327742312132594,0.05331739494692581,0.2863959308335349,51
VA,2019,17825699297,9565667645,6103978614,1196319387,3075903626,1043894203,29934741709,21906591356,19582195162,7268986924,2151932172,1328767514,8465306311,5227835798,2372661717,47760441006,31472259001,25686173776,0.6267685364387525,0.3732314635612475,0.6589608122974877,0.5378127428256604,0.177245145410959,0.10945953780751821,0.04967838795085518,0.27272790086598303,51
VA,2020,16410734020,8764107534,5702665935,1857761369,2719193611,869198877,28883050542,20207985204,18402616923,6516852661,2066514242,1591697743,8374614030,4785707853,2460896620,45293784562,28972092738,24105282858,0.637682428644568,0.362317571355432,0.6396483097662508,0.532198470300129,0.18489543567587033,0.10565926206605955,0.054331883365396925,0.2808901229347442,51
VA,2021,20014136367,11943273520,6736004228,3178812858,3227630328,923848431,34688984574,24492185625,22115655132,7298552801,2731971984,2279519660,10477365659,5959602312,3203368091,54703120941,36435459145,28851659360,0.6341317273545283,0.36586827264547167,0.666058142903719,0.5274225467157153,0.19153140586439946,0.10894446622940807,0.058559146825552966,0.2920335736973761,51
VA,2022,24793462227,16035359287,6796451109,2854602813,3473168941,1124810975,39582684698,29389720278,25522160035,7490808759,2761158615,3703836900,10345411572,6234327556,4828647875,64376146925,45425079565,32318611144,0.6148657008645598,0.38513429913544023,0.7056197323819563,0.5020277336829755,0.1607025593509455,0.09684219782931658,0.07500678598589489,0.2638119496400724,51
VA,2023,22396477151,12980049570,6147948814,1982248073,3562439000,1236772058,33851658079,24179253311,21065486311,5664687070,2751674388,2764214889,7646935143,6314113388,4000986947,56248135230,37159302881,27213435125,0.601827206192343,0.398172793807657,0.6606317299063285,0.48381044124793826,0.13595002059590944,0.11225462608105026,0.07113101493302608,0.24598140520435524,51
VA,2024,21755741278,12124227543,6528369563,1375785094,3465264667,1308597695,40746363201,25729354258,22822675682,5719198041,3244169497,3784579383,7094983135,6709434164,5093177078,62502104479,37853581801,29351045245,0.6519198599895195,0.3480801400104805,0.605636916013258,0.46960091167588797,0.11351590789049086,0.10734733206070356,0.08148808940843344,0.22681716077197306,51
VA,2025,19046672396,10160785250,6609434088,684242563,2939318973,1375282836,43630728172,24889641361,22770661204,4549273406,3340989293,5781748118,5233515969,6280308266,7157030954,62677400568,35050426611,29380095292,0.6961157893691543,0.3038842106308457,0.5592195319742571,0.46875101752385107,0.08349925047261733,0.10020052218321282,0.11418838192300572,0.21213259293634845,51
VT,2018,2920494845,177479595,162043128,168139209,1270122715,45512747,3437388293,285646480,278684312,242879722,2276466252,51354392,411018931,3546588967,96867139,6357883138,463126075,440727440,0.540649807237775,0.459350192762225,0.07284281024795394,0.06931983970668572,0.06464713523018516,0.5578254412703236,0.01523575329987451,0.4084838519723041,50
VT,2019,2841640994,169666621,155541481,186776779,1014842951,46896837,3482234449,354215181,343909232,212533097,2215082025,63224738,399309876,3229924976,110121575,6323875443,523881802,499450713,0.550648803947355,0.44935119605264495,0.0828418912930825,0.0789785816469314,0.06314322279101853,0.5107508845031501,0.01741362175655995,0.38004192654684454,50
VT,2020,2358109397,163825663,152973770,216752883,877296620,42300565,2629544047,236867445,232404705,158056276,1666589685,56212797,374809159,2543886305,98513362,4987653444,400693108,385378475,0.52721065657905,0.47278934342095,0.08033699865054217,0.07726649000916432,0.07514739410190666,0.5100367003365521,0.019751444864018905,0.39302028122224925,50
VT,2021,2586664161,224331641,213261928,285120838,830230346,48170646,3334427504,351863623,347135028,192529273,2164305260,77520795,477650111,2994535606,125691441,5921091665,576195264,560396956,0.563144043810374,0.4368559561896261,0.09731233640680345,0.0946441953115752,0.08066926472755426,0.50574045723712,0.021227747873415165,0.3968501877938754,50
VT,2022,2504685762,218174409,197641393,210495339,780738745,51904933,4284098855,488275217,480474876,238253897,2865687499,79416796,448749236,3646426244,131321729,6788784617,706449626,678116269,0.6310553503600717,0.36894464963992835,0.10406128134201786,0.09988772766511234,0.06610155739457009,0.5371250451618209,0.019343923310094904,0.39998293847771954,50
VT,2023,1994226447,204839240,179714348,150359566,683143173,84850741,3780145232,399451753,389781212,189697321,2556055709,91419061,340056887,3239198882,176269802,5774371679,604290993,569495560,0.6546418280879768,0.34535817191202317,0.10465051898159948,0.09862468016582969,0.05889071675741017,0.5609612719908881,0.030526230696415135,0.41378321836979204,50
VT,2024,1890617572,206822323,189868379,138847644,668304810,68631545,3502469245,350183865,341923864,186165963,2345205702,117348525,325013607,3013510512,185980070,5393086817,557006188,531792243,0.6494368371670883,0.3505631628329116,0.1032815170421908,0.09860628264386422,0.06026485721970902,0.5587728538878443,0.03448490193292581,0.41621951071217106,50
VT,2025,2056146848,196115096,179251182,115248807,631313316,70132707,3969877248,314188039,305602585,132178027,2780662072,219272335,247426834,3411975388,289405042,6026024096,510303135,484853767,0.6587888107907095,0.34121118920929056,0.0846832217844487,0.08045997813414651,0.04105971533771975,0.566206728291184,0.048025868697090586,0.4095992735306845,50
WA,2018,77868227947,21342237763,7606858730,15877530586,9273522926,2225828456,54635666251,32018380631,23565403803,16307865877,13771772436,1516869568,32185396463,23045295362,3742698024,132503894198,53360618394,31172262533,0.4123325324262407,0.5876674675737593,0.40270981254530874,0.2352554445412708,0.24290151363329368,0.17392164586169456,0.02824594738632589,0.36420206958210594,53
WA,2019,60336106744,20933020457,7461675158,8986967736,8560753335,2526570618,52699605560,29776555616,22032704146,12738801562,14633403526,1797330016,21725769298,23194156861,4323900634,113035712304,50709576073,29494379304,0.46622084725107815,0.5337791527489218,0.44861553078571204,0.26092974249303935,0.19220270174058246,0.20519317645932353,0.03825251812782172,0.3382701184928696,53
WA,2020,41133193195,20496286691,6756517123,9079508831,6290390245,1253555524,48681606033,27302938618,21205196373,11383179402,12776147022,1410576931,20462688233,19066537267,2664132455,89814799228,47799225309,27961713496,0.5420220993805148,0.4579779006194852,0.5321976525011088,0.31132634862343334,0.227832032236183,0.21228725589641975,0.029662510832284415,0.3730018922734055,53
WA,2021,53686755386,25830342498,6879558575,12063397216,7737611880,2808046994,61734308226,34520090142,26022817541,14635839610,18768054543,1457571875,26699236826,26505666423,4265618869,115421063612,60350432640,32902376116,0.5348617166925991,0.4651382833074009,0.5228719156745454,0.28506387903861974,0.23132031529142966,0.2296432348960288,0.03695702270895133,0.3912804698544177,53
WA,2022,61229989515,27976481469,6958157275,14406536114,9695326197,3004757295,74595982398,41975600917,29515275640,16721512888,23327698385,1466900824,31128049002,33023024582,4471658119,135825971913,69952082386,36473432915,0.5492026403152163,0.4507973596847838,0.5150125664538303,0.2685306234242312,0.2291759710133958,0.24312746757411086,0.03292196666086963,0.39480563155438403,53
WA,2023,61033196702,23251747186,6197429757,10906604085,9622856516,3514752415,66089297410,38088251736,24738942432,12064691285,19810608570,1700400185,22971295370,29433465086,5215152600,127122494112,61339998922,30936372189,0.5198867271418753,0.48011327285812466,0.4825267105596356,0.243358757276614,0.18070205065172312,0.23153624613491253,0.041024624606603784,0.3442385730966329,53
WA,2024,57840018724,23765033892,6350451801,11873705863,8113527653,4322340211,61615625138,37826027493,24231657413,11211794690,17365955852,1459435383,23085500553,25479483505,5781775594,119455643862,61591061385,30582109214,0.515803382292936,0.484196617707064,0.5155977515482859,0.25601225882076944,0.1932558379549593,0.2132966068512839,0.04840102490828597,0.35027441701070117,53
WA,2025,65249785514,20678291481,6249624560,10152392529,6987864707,4107591144,55788719645,32245755144,21698663479,6305871470,16132112797,1372168541,16458263999,23119977504,5479759685,121038505159,52924046625,27948288039,0.46091712361875403,0.539082876381246,0.43724967154441724,0.2309041077654276,0.13597544002530357,0.191013409110009,0.04527286319177203,0.27774720340637216,53
WI,2018,22716382035,5106513048,4069028913,1631828940,7039765512,3454705718,30835566507,11973439461,11068669730,8148257574,4791968522,2823644556,9780086514,11831734034,6278350274,53551948542,17079952509,15137698643,0.5758066204223385,0.42419337957766146,0.3189417560708262,0.2826731623243873,0.18262802344772988,0.2209393748711225,0.11723850289174786,0.3855347501054521,55
WI,2019,21667771045,5155325436,4132069409,1373591057,6754122047,3285811168,28320943710,10729128447,9823953688,6330637202,4328833068,2788432550,7704228259,11082955115,6074243718,49988714755,15884453883,13956023097,0.5665467465767814,0.43345325342321855,0.31776079782909794,0.27918347501831065,0.15411935067263163,0.2217091431399815,0.12151230028158383,0.36005221672557075,55
WI,2020,20501027134,4828370513,3859746515,1552254464,6240467760,2583133583,26646299592,9511725545,8865984362,5474464720,4209588233,2660223005,7026719184,10450055993,5243356588,47147326726,14340096058,12725730877,0.5651709533152716,0.43482904668472844,0.3041550190393291,0.2699141554929822,0.1490374889086771,0.22164684020647096,0.11121217155051304,0.3487528959628675,55
WI,2021,24806406109,5016924726,4001416458,1797003153,7537975016,3110063716,36285222080,14082919393,12832204368,7405989268,5526879245,3061829448,9202992421,13064854261,6171893164,61091628189,19099844119,16833620826,0.5939475367679499,0.40605246323205013,0.3126425777998673,0.27554709745043293,0.15064244797222587,0.2138567042374625,0.10102682391940726,0.33957256486634774,55
WI,2022,27436709389,5545367962,4274590126,1805645067,8644267158,3625562501,40885313931,17137667405,15081995349,8219376911,6142219227,3765394483,10025021978,14786486385,7390956984,68322023320,22683035367,19356585475,0.5984207133255608,0.4015792866744392,0.3320018094423144,0.28331399648894356,0.1467319246540136,0.2164234263927534,0.10817825094820392,0.341492931058588,55
WI,2023,28037227691,5863424398,4340346231,1492638348,8479427049,4323111276,39119536360,14274364622,12711438507,5840716486,6250892510,5937708065,7333354834,14730319559,10260819341,67156764051,20137789020,17051784738,0.5825107405456873,0.4174892594543127,0.2998624085685102,0.25391016048734244,0.10919756092522452,0.21934230702083177,0.15278906728155867,0.3324763855066588,55
WI,2024,27811260717,6350671764,4723014808,1553542672,8226195989,4349625143,38783831384,13871320961,13017783074,6388748465,6226861331,5926395467,7942291137,14453057320,10276020610,66595092101,20221992725,17740797882,0.5823827276217194,0.4176172723782806,0.303655901463891,0.26639797802357273,0.11926240938227844,0.2170288660023187,0.15430597489699535,0.34206331392186684,55
WI,2025,27123637423,6030813276,4658647542,1018247129,7520287099,4040740810,36394167663,13764167156,13035882433,5246670853,5708050069,5188733129,6264917982,13228337168,9229473939,63517805086,19794980432,17694529975,0.5729758390379529,0.42702416096204715,0.31164459170461833,0.27857590404836047,0.09863246964402513,0.20826187476235172,0.14530530339491018,0.3107727765383823,55
WV,2018,8232548145,6402539499,1815914339,484349603,1307062644,234870193,3407622006,1402410501,1317946199,232683520,1353219288,84782025,717033123,2660281932,319652218,11640170151,7804950000,3133860538,0.29274675213465445,0.7072532478653456,0.6705185490204781,0.2692280694651849,0.06159988330912844,0.22854321693669202,0.027461129335170316,0.21520249107224584,54
WV,2019,5948775343,4060517779,1660956557,372924745,1540106848,119930239,3514117102,1801657324,1666641665,202127866,1144572472,116633233,575052611,2684679320,236563472,9462892445,5862175103,3327598222,0.3713576078799023,0.6286423921200976,0.6194908308502919,0.35164705097733995,0.06076922192049706,0.28370599535013524,0.024999065917207516,0.24599225868090271,54
WV,2020,4565534316,2910187307,1418694571,396665505,1286265089,111640390,2906853293,1346222525,1281666453,140810864,1025135586,128237023,537476369,2311400675,239877413,7472387609,4256409832,2700361024,0.3890126483132227,0.6109873516867773,0.5696184479072571,0.36137860685219175,0.0719283309597919,0.3093255858697787,0.03210184288500819,0.27678478821266406,54
WV,2021,6341234682,4279562468,1557046942,1230226624,1450614305,193974589,3678526507,1678635481,1447399034,159206736,1316649552,118764681,1389433360,2767263857,312739270,10019761189,5958197949,3004445976,0.36712716377296484,0.6328728362270352,0.5946447062571802,0.299852054288317,0.1386693089577187,0.2761806199570891,0.031212247887038937,0.3231050296641955,54
WV,2022,7796232413,5526003974,1572150091,602343256,1555007946,245627067,4092886967,1767513025,1641448551,194814338,1776403407,127482063,797157594,3331411353,373109130,11889119380,7293516999,3213598642,0.3442548464846856,0.6557451535153145,0.6134614991981012,0.2702974492295829,0.06704933885523824,0.2802067374816788,0.031382402520715544,0.25400282285667486,54
WV,2023,5668230524,2844886786,1344021592,527183075,2158078286,246348802,4792970354,2050867248,1851352881,189083188,2109096119,152580493,716266263,4267174405,398929295,10461200878,4895754034,3195374473,0.45816636253297266,0.5418336374670273,0.4679915901716231,0.3054500635505338,0.06846883750280662,0.4079048337532555,0.038134177868522905,0.33609224447587366,54
WV,2024,4872426608,2016716511,1457499101,442901851,1990921476,253184875,4838413935,2153953340,2011880294,206208633,2050391021,114563392,649110484,4041312497,367748267,9710840543,4170669851,3469379395,0.4982487266241583,0.5017512733758417,0.4294859783282511,0.35726870188398685,0.06684390307159428,0.41616505585741037,0.03786986979876722,0.3392648584653008,54
WV,2025,4627710338,1798662735,1362355757,322814655,2030159081,185136275,4890818994,2393499578,2130284858,182146110,1845614980,138084270,504960765,3875774061,323220545,9518529332,4192162313,3492640615,0.513820867007021,0.48617913299297905,0.44042122126015004,0.36693069834414627,0.05305029247558135,0.4071820263210384,0.033956983660635105,0.3177336984645854,54
WY,2018,1356985387,1046035705,68232257,52952270,234780345,35482985,1082925793,236961152,222441613,165886402,729717270,41603218,218838672,964497615,77086203,2439911180,1282996857,290673870,0.4438382027496591,0.5561617972503409,0.5258375253643455,0.11913297188137807,0.08969124523623027,0.3953002973657426,0.03159385621570044,0.3458277373850961,56
WY,2019,1367168489,1072632409,75211648,24329888,225778678,45683863,1472363435,247897053,233296014,140059652,1099203021,29071540,164389540,1324981699,74755403,2839531924,1320529462,308507662,0.5185232898969866,0.48147671010301346,0.4650518104194415,0.10864736521976148,0.05789318253848939,0.46661975792598975,0.026326664042112032,0.3536610357193505,56
WY,2020,1164444111,878251776,76607203,27376245,225896473,42304715,1088945569,272174776,220993151,125256816,695390398,48550719,152633061,921286871,90855434,2253389680,1150426552,297600354,0.4832477838453578,0.5167522161546422,0.5105315615007165,0.13206786053977135,0.06773487175995233,0.4088448967246535,0.04031945065089674,0.33723348018528243,56
WY,2021,1428709624,984451499,76835373,48149170,316427665,49123009,1698494981,301608386,271663104,159038573,1208692851,42512434,207187743,1525120516,91635443,3127204605,1286059885,348498477,0.5431352263565754,0.4568647736434246,0.41124903786076383,0.11144089403130052,0.06625333777928483,0.4876945095186696,0.029302669500258043,0.3764516451906414,56
WY,2022,1856835400,1335065983,124845601,13558539,394089609,40821850,1621188854,273126821,238510163,145030776,1094141849,22692607,158589315,1488231458,63514457,3478024254,1608192804,363355764,0.4661235044969873,0.5338764955030126,0.4623868859311296,0.10447188905658505,0.045597529924528236,0.4278956526218635,0.018261648672217683,0.31329191070097695,56
WY,2023,2150469953,1592717546,121633039,85047650,380565760,66613912,1028412366,273008824,248192014,115306759,560119693,27439114,200354409,940685453,94053026,3178882319,1865726370,369825053,0.3235138211481556,0.6764861788518445,0.5869126890444037,0.11633807605571825,0.06302668324728256,0.2959170420929319,0.02958682221038834,0.2583290018292747,56
WY,2024,2077615509,1407705990,126184136,127530043,409178269,67774238,1317281768,419884884,361741414,124960506,718935053,37552703,252490549,1128113322,105326941,3394897277,1827590874,487925550,0.38801815210269175,0.6119818478973083,0.53833466078096,0.1437232146332185,0.07437354606002118,0.33229674713365415,0.031025074518035264,0.2923666390510348,56
WY,2025,1999495104,1245203136,148289253,14289250,488711959,69730395,995155673,293052684,268309190,92720597,489384670,55007235,107009847,978096629,124737630,2994650777,1538255820,416598443,0.33231109304736134,0.6676889069526386,0.5136678479555481,0.1391141986236347,0.03573366478050606,0.3266145877549848,0.04165348125331677,0.256694506185487,56
